Latitude;Longitude;LocationType;Region;PoolSize;GeneratedDate
58.41915484497381;-0.702603418593958;ValidPool;unknown;1000;2025-07-09 14:44:57.977628
66.21935710544238;6.558462583568174;ValidPool;unknown;1000;2025-07-09 14:44:57.977628
64.52272715911968;5.654453127828502;ValidPool;unknown;1000;2025-07-09 14:44:57.977628
63.71674620353591;6.9343513221637245;ValidPool;unknown;1000;2025-07-09 14:44:57.977628
59.14400627511883;2.582332668021754;ValidPool;unknown;1000;2025-07-09 14:44:57.977628
61.21033689996467;3.644654945398767;ValidPool;unknown;1000;2025-07-09 14:44:57.977628
67.94557864412636;-0.5057139075063382;ValidPool;unknown;1000;2025-07-09 14:44:57.977628
64.06467148473133;3.332022490118279;ValidPool;unknown;1000;2025-07-09 14:44:57.977628
66.18094065709082;3.996768854030979;ValidPool;unknown;1000;2025-07-09 14:44:57.977628
68.14573252054305;0.31479035622265084;ValidPool;unknown;1000;2025-07-09 14:44:57.977628
67.18796990441686;-1.9086025826523167;ValidPool;unknown;1000;2025-07-09 14:44:57.977628
62.59026630185407;4.236138980464766;ValidPool;unknown;1000;2025-07-09 14:44:57.977628
59.31413700537538;4.789167128256073;ValidPool;unknown;1000;2025-07-09 14:44:57.977628
58.43966002896234;2.8462833493264044;ValidPool;unknown;1000;2025-07-09 14:44:57.977628
61.137666754745965;0.2674722888482277;ValidPool;unknown;1000;2025-07-09 14:44:57.977628
67.21350047185223;-0.021325898668754117;ValidPool;unknown;1000;2025-07-09 14:44:57.977628
60.70073933549794;-2.576338728821049;ValidPool;unknown;1000;2025-07-09 14:44:57.977628
64.85716422493921;-1.9584338391627405;ValidPool;unknown;1000;2025-07-09 14:44:57.977628
58.98116929458279;-0.6998515374680387;ValidPool;unknown;1000;2025-07-09 14:44:57.977628
65.40545261043567;6.720968727678914;ValidPool;unknown;1000;2025-07-09 14:44:57.977628
61.19352052856109;0.8853739964463112;ValidPool;unknown;1000;2025-07-09 14:44:57.977628
62.56083195083144;-0.8587279768357821;ValidPool;unknown;1000;2025-07-09 14:44:57.977628
62.436055298214114;-0.14768478116427985;ValidPool;unknown;1000;2025-07-09 14:44:57.977628
65.26267214047004;5.884789183392217;ValidPool;unknown;1000;2025-07-09 14:44:57.977628
64.88093734846971;5.5042412623714405;ValidPool;unknown;1000;2025-07-09 14:44:57.977628
66.39817095414152;7.3605991541980895;ValidPool;unknown;1000;2025-07-09 14:44:57.977628
67.64290515793274;-0.9038004169549456;ValidPool;unknown;1000;2025-07-09 14:44:57.977628
60.22968964788844;0.029332846407416735;ValidPool;unknown;1000;2025-07-09 14:44:57.977628
65.75863387563933;-2.974847971433534;ValidPool;unknown;1000;2025-07-09 14:44:57.977628
64.1841491284679;3.4421002410028927;ValidPool;unknown;1000;2025-07-09 14:44:57.977628
62.05653167820029;4.949391529172697;ValidPool;unknown;1000;2025-07-09 14:44:57.977628
61.819851572020134;0.798530267037417;ValidPool;unknown;1000;2025-07-09 14:44:57.977628
67.46488398448604;0.8727904586967719;ValidPool;unknown;1000;2025-07-09 14:44:57.977628
61.94588933634148;-1.8379657752187104;ValidPool;unknown;1000;2025-07-09 14:44:57.977628
58.052971835701356;0.30751166356806836;ValidPool;unknown;1000;2025-07-09 14:44:57.977628
60.52745598808284;3.0035023409742974;ValidPool;unknown;1000;2025-07-09 14:44:57.977628
66.21036288917199;5.16114592145755;ValidPool;unknown;1000;2025-07-09 14:44:57.977628
61.710255407801974;3.866081463622591;ValidPool;unknown;1000;2025-07-09 14:44:57.977628
62.87448128931311;2.0011891136880346;ValidPool;unknown;1000;2025-07-09 14:44:57.977628
64.93922292936561;-0.05031582153497016;ValidPool;unknown;1000;2025-07-09 14:44:57.977628
65.42220813409733;0.08269072729055571;ValidPool;unknown;1000;2025-07-09 14:44:57.977628
63.19246298987811;0.06811624351261703;ValidPool;unknown;1000;2025-07-09 14:44:57.977628
66.53118860749356;-1.1590576473265823;ValidPool;unknown;1000;2025-07-09 14:44:57.977628
66.2595806903918;6.1220513805044945;ValidPool;unknown;1000;2025-07-09 14:44:57.977628
62.78868396816141;5.22670098330061;ValidPool;unknown;1000;2025-07-09 14:44:57.977628
60.13966486535959;1.7976250941291982;ValidPool;unknown;1000;2025-07-09 14:44:57.977628
62.873249972527205;-1.9998754880721357;ValidPool;unknown;1000;2025-07-09 14:44:57.977628
60.2160277291438;4.588715679707294;ValidPool;unknown;1000;2025-07-09 14:44:57.977628
60.514564246026836;1.4357418408753104;ValidPool;unknown;1000;2025-07-09 14:44:57.977628
67.33575621449393;5.840505687826608;ValidPool;unknown;1000;2025-07-09 14:44:57.977628
58.90403245149165;5.0727557874652796;ValidPool;unknown;1000;2025-07-09 14:44:57.977628
59.421443760988474;-2.5344793847637055;ValidPool;unknown;1000;2025-07-09 14:44:57.977628
58.238611408506756;-1.8405673155103024;ValidPool;unknown;1000;2025-07-09 14:44:57.977628
66.43896768184013;1.0387732363874185;ValidPool;unknown;1000;2025-07-09 14:44:57.977628
63.656781645487506;-1.0308302685815827;ValidPool;unknown;1000;2025-07-09 14:44:57.977628
65.45451778920571;2.7641338052096596;ValidPool;unknown;1000;2025-07-09 14:44:57.977628
66.79271665922941;-0.37114644523814677;ValidPool;unknown;1000;2025-07-09 14:44:57.977628
59.92409844890818;0.9416162028528823;ValidPool;unknown;1000;2025-07-09 14:44:57.977628
66.64751929134123;1.5229126342344181;ValidPool;unknown;1000;2025-07-09 14:44:57.977628
65.08005685015083;-1.4484854510814154;ValidPool;unknown;1000;2025-07-09 14:44:57.977628
62.54598248335069;3.879879532134973;ValidPool;unknown;1000;2025-07-09 14:44:57.977628
68.23283657377559;3.6100485321018083;ValidPool;unknown;1000;2025-07-09 14:44:57.977628
60.242385843831485;4.578449728526211;ValidPool;unknown;1000;2025-07-09 14:44:57.977628
58.73133991543995;-1.5056720718287977;ValidPool;unknown;1000;2025-07-09 14:44:57.977628
67.62748714046012;1.4907629232733837;ValidPool;unknown;1000;2025-07-09 14:44:57.977628
63.71793342528918;4.3561564811092754;ValidPool;unknown;1000;2025-07-09 14:44:57.977628
63.349592829429284;5.764353282773122;ValidPool;unknown;1000;2025-07-09 14:44:57.977628
63.91689278205555;-0.11890793285752688;ValidPool;unknown;1000;2025-07-09 14:44:57.977628
62.19810765381995;3.999348077049444;ValidPool;unknown;1000;2025-07-09 14:44:57.977628
63.13650221384798;1.551938987293695;ValidPool;unknown;1000;2025-07-09 14:44:57.977628
61.75987657613155;-0.7358865789517601;ValidPool;unknown;1000;2025-07-09 14:44:57.977628
66.76173778794625;3.616520439468496;ValidPool;unknown;1000;2025-07-09 14:44:57.977628
63.69362941310686;6.854167356055381;ValidPool;unknown;1000;2025-07-09 14:44:57.977628
58.346619021267884;1.0185971756290635;ValidPool;unknown;1000;2025-07-09 14:44:57.977628
66.03224363720487;7.3646131886070805;ValidPool;unknown;1000;2025-07-09 14:44:57.977628
62.16430497822802;1.0088198548314726;ValidPool;unknown;1000;2025-07-09 14:44:57.977628
60.955133003597005;1.6006570933498874;ValidPool;unknown;1000;2025-07-09 14:44:57.977628
62.126407212447134;-1.0247757397314596;ValidPool;unknown;1000;2025-07-09 14:44:57.977628
64.10216873423974;6.389998823322996;ValidPool;unknown;1000;2025-07-09 14:44:57.977628
63.60707494835803;4.01286577994828;ValidPool;unknown;1000;2025-07-09 14:44:57.977628
65.0599517008669;-2.5903123158913424;ValidPool;unknown;1000;2025-07-09 14:44:57.977628
67.19175189221393;-3.1340974638365964;ValidPool;unknown;1000;2025-07-09 14:44:57.977628
68.11415825791256;4.563410536371608;ValidPool;unknown;1000;2025-07-09 14:44:57.977628
65.67382743254768;-1.2723511239628014;ValidPool;unknown;1000;2025-07-09 14:44:57.977628
64.93721103129026;3.338147697276962;ValidPool;unknown;1000;2025-07-09 14:44:57.977628
63.77250262274933;0.7860178182964943;ValidPool;unknown;1000;2025-07-09 14:44:57.977628
58.45070982702151;-2.0522435860344137;ValidPool;unknown;1000;2025-07-09 14:44:57.977628
62.43682209160517;1.961220763869401;ValidPool;unknown;1000;2025-07-09 14:44:57.977628
66.65840662922625;3.906541979005828;ValidPool;unknown;1000;2025-07-09 14:44:57.977628
62.146989581803304;-3.005031571340425;ValidPool;unknown;1000;2025-07-09 14:44:57.977628
62.095962065936824;-1.1924339450159165;ValidPool;unknown;1000;2025-07-09 14:44:57.977628
63.01100930814716;0.6088509899892074;ValidPool;unknown;1000;2025-07-09 14:44:57.977628
65.87939849314174;6.565785997054322;ValidPool;unknown;1000;2025-07-09 14:44:57.977628
58.825650641162795;2.731733415065062;ValidPool;unknown;1000;2025-07-09 14:44:57.977628
60.935101231170016;-2.1804002655195642;ValidPool;unknown;1000;2025-07-09 14:44:57.977628
61.215842988073554;1.479657070841537;ValidPool;unknown;1000;2025-07-09 14:44:57.977628
59.2338015873484;0.08488569680347524;ValidPool;unknown;1000;2025-07-09 14:44:57.977628
59.84448430952522;1.1349684483185327;ValidPool;unknown;1000;2025-07-09 14:44:57.977628
68.31879054864753;0.7848310370388094;ValidPool;unknown;1000;2025-07-09 14:44:57.977628
65.17123977969868;-1.9818216197166705;ValidPool;unknown;1000;2025-07-09 14:44:57.977628
66.55902782096214;3.4305995791551465;ValidPool;unknown;1000;2025-07-09 14:44:57.977628
59.90663881076471;0.3899822735615186;ValidPool;unknown;1000;2025-07-09 14:44:57.977628
64.37245591481653;2.6770684422424362;ValidPool;unknown;1000;2025-07-09 14:44:57.977628
66.0065564735099;-1.7417166412529332;ValidPool;unknown;1000;2025-07-09 14:44:57.977628
67.92201765968115;-0.7079200899002775;ValidPool;unknown;1000;2025-07-09 14:44:57.977628
58.74832901373771;4.959544182208093;ValidPool;unknown;1000;2025-07-09 14:44:57.977628
66.9810612479188;0.13624680242099085;ValidPool;unknown;1000;2025-07-09 14:44:57.977628
63.2384632904367;0.7645211040773501;ValidPool;unknown;1000;2025-07-09 14:44:57.977628
66.89792494880726;2.0481180296033394;ValidPool;unknown;1000;2025-07-09 14:44:57.977628
65.64017338166242;2.725659622692833;ValidPool;unknown;1000;2025-07-09 14:44:57.977628
65.91935852921662;3.7430153001202187;ValidPool;unknown;1000;2025-07-09 14:44:57.977628
59.04952632257078;-1.4949271773042299;ValidPool;unknown;1000;2025-07-09 14:44:57.977628
60.88038683231396;1.1331985770678634;ValidPool;unknown;1000;2025-07-09 14:44:57.977628
59.606745719963065;-3.0845592820184344;ValidPool;unknown;1000;2025-07-09 14:44:57.977628
61.56652165946225;1.0923477365391743;ValidPool;unknown;1000;2025-07-09 14:44:57.977628
67.1282148905964;7.48778241669396;ValidPool;unknown;1000;2025-07-09 14:44:57.977628
65.52490909087717;6.155381112296395;ValidPool;unknown;1000;2025-07-09 14:44:57.977628
65.19017050811411;2.9304089653913388;ValidPool;unknown;1000;2025-07-09 14:44:57.977628
63.669086688246786;3.6867286196207325;ValidPool;unknown;1000;2025-07-09 14:44:57.977628
64.92302188967959;5.813298732563213;ValidPool;unknown;1000;2025-07-09 14:44:57.977628
67.6612710729824;1.9827702467016972;ValidPool;unknown;1000;2025-07-09 14:44:57.977628
63.002131904037626;-3.2151361391949567;ValidPool;unknown;1000;2025-07-09 14:44:57.977628
58.87221955486512;2.309944962197702;ValidPool;unknown;1000;2025-07-09 14:44:57.977628
67.91696906508199;2.4388717619901352;ValidPool;unknown;1000;2025-07-09 14:44:57.977628
66.51733410818214;-1.5909832530904418;ValidPool;unknown;1000;2025-07-09 14:44:57.977628
59.54262768351303;2.668049388579432;ValidPool;unknown;1000;2025-07-09 14:44:57.977628
58.936734699003296;-2.01971705847297;ValidPool;unknown;1000;2025-07-09 14:44:57.977628
66.4706101275735;6.384202212362053;ValidPool;unknown;1000;2025-07-09 14:44:57.977628
66.78754647288736;1.0564581692882293;ValidPool;unknown;1000;2025-07-09 14:44:57.977628
68.26674191792821;-3.0585945303898727;ValidPool;unknown;1000;2025-07-09 14:44:57.977628
64.17595556165716;7.067822660116542;ValidPool;unknown;1000;2025-07-09 14:44:57.977628
65.64384641868249;2.2232612427879457;ValidPool;unknown;1000;2025-07-09 14:44:57.977628
68.18495235862578;0.07639468706427222;ValidPool;unknown;1000;2025-07-09 14:44:57.977628
66.24475180126801;5.466518451996022;ValidPool;unknown;1000;2025-07-09 14:44:57.977628
65.4448638333255;-0.7648389773940938;ValidPool;unknown;1000;2025-07-09 14:44:57.977628
63.67708673295975;4.949586148388585;ValidPool;unknown;1000;2025-07-09 14:44:57.977628
63.464671305502726;4.404092629710004;ValidPool;unknown;1000;2025-07-09 14:44:57.977628
65.84186481152875;-1.7702628258905826;ValidPool;unknown;1000;2025-07-09 14:44:57.977628
63.222606467059165;-0.8975844206588;ValidPool;unknown;1000;2025-07-09 14:44:57.977628
65.87332283637643;0.16055208657925313;ValidPool;unknown;1000;2025-07-09 14:44:57.977628
61.203626449503076;2.3307309068169038;ValidPool;unknown;1000;2025-07-09 14:44:57.977628
65.15710718230466;0.8185933079219514;ValidPool;unknown;1000;2025-07-09 14:44:57.977628
63.53853202560529;7.373466903487769;ValidPool;unknown;1000;2025-07-09 14:44:57.977628
63.141857306927164;-1.2095124262346317;ValidPool;unknown;1000;2025-07-09 14:44:57.977628
64.73171626089676;-1.496763643040063;ValidPool;unknown;1000;2025-07-09 14:44:57.977628
65.04712996887582;2.857389973427343;ValidPool;unknown;1000;2025-07-09 14:44:57.977628
66.38287804874894;4.146803812486262;ValidPool;unknown;1000;2025-07-09 14:44:57.977628
64.2018938121996;-2.6694720050134526;ValidPool;unknown;1000;2025-07-09 14:44:57.977628
65.80355417069451;1.1518448005604598;ValidPool;unknown;1000;2025-07-09 14:44:57.977628
58.57124236332623;-1.0205585727194757;ValidPool;unknown;1000;2025-07-09 14:44:57.977628
60.85239686533885;-1.7913018385197401;ValidPool;unknown;1000;2025-07-09 14:44:57.977628
61.18807385236265;1.2866537560307685;ValidPool;unknown;1000;2025-07-09 14:44:57.977628
67.84329685803286;4.265248915204461;ValidPool;unknown;1000;2025-07-09 14:44:57.977628
66.69069924846052;0.9684578056354574;ValidPool;unknown;1000;2025-07-09 14:44:57.977628
65.35252486276583;5.863675156301204;ValidPool;unknown;1000;2025-07-09 14:44:57.977628
62.1104030865762;3.546149181689446;ValidPool;unknown;1000;2025-07-09 14:44:57.977628
62.34769732568704;4.0101335386323225;ValidPool;unknown;1000;2025-07-09 14:44:57.977628
65.42060883554242;0.27098001694438034;ValidPool;unknown;1000;2025-07-09 14:44:57.977628
67.76003049312473;2.1159591655481074;ValidPool;unknown;1000;2025-07-09 14:44:57.977628
61.783133177662144;3.684276222051911;ValidPool;unknown;1000;2025-07-09 14:44:57.977628
62.61455797226773;0.877123147942783;ValidPool;unknown;1000;2025-07-09 14:44:57.977628
57.81035706073482;3.338256670737667;ValidPool;unknown;1000;2025-07-09 14:44:57.977628
61.00396304342144;-1.5319860129258922;ValidPool;unknown;1000;2025-07-09 14:44:57.977628
65.06417997290231;2.601735727977767;ValidPool;unknown;1000;2025-07-09 14:44:57.977628
60.23774245476199;-2.2078654020115005;ValidPool;unknown;1000;2025-07-09 14:44:57.977628
64.88860262563007;-0.10179120108267359;ValidPool;unknown;1000;2025-07-09 14:44:57.977628
61.46514756333432;1.4359676842546842;ValidPool;unknown;1000;2025-07-09 14:44:57.977628
57.95497505132406;6.572524066815747;ValidPool;unknown;1000;2025-07-09 14:44:57.977628
60.181136450732964;4.627439586175116;ValidPool;unknown;1000;2025-07-09 14:44:57.977628
67.5766393129972;0.4107095120654791;ValidPool;unknown;1000;2025-07-09 14:44:57.977628
63.236114273224544;2.016960522820813;ValidPool;unknown;1000;2025-07-09 14:44:57.977628
59.91725587665773;2.3935618818026323;ValidPool;unknown;1000;2025-07-09 14:44:57.977628
67.16646866154869;3.7630806242200046;ValidPool;unknown;1000;2025-07-09 14:44:57.977628
61.030406121539386;-3.034562142273394;ValidPool;unknown;1000;2025-07-09 14:44:57.977628
66.19519775754767;4.7386812426318095;ValidPool;unknown;1000;2025-07-09 14:44:57.977628
60.846292476825944;4.346717739557272;ValidPool;unknown;1000;2025-07-09 14:44:57.977628
63.44842674410225;-2.4829705534066;ValidPool;unknown;1000;2025-07-09 14:44:57.977628
65.06858089030453;-0.14216028652061574;ValidPool;unknown;1000;2025-07-09 14:44:57.977628
63.592785099799606;2.5102654382600735;ValidPool;unknown;1000;2025-07-09 14:44:57.977628
58.660181325703185;1.1314523014633076;ValidPool;unknown;1000;2025-07-09 14:44:57.977628
61.68404786080496;0.7657650359685948;ValidPool;unknown;1000;2025-07-09 14:44:57.977628
67.81582759554074;6.242701909140793;ValidPool;unknown;1000;2025-07-09 14:44:57.977628
65.6861741383656;-0.04950436903634392;ValidPool;unknown;1000;2025-07-09 14:44:57.977628
58.38573462743665;3.671291051709591;ValidPool;unknown;1000;2025-07-09 14:44:57.977628
64.04792449558607;0.8341230766942762;ValidPool;unknown;1000;2025-07-09 14:44:57.977628
64.54068816325382;6.939356739708833;ValidPool;unknown;1000;2025-07-09 14:44:57.977628
67.29361585645776;-1.7810064614270606;ValidPool;unknown;1000;2025-07-09 14:44:57.977628
65.95778086416308;-1.7975850532378987;ValidPool;unknown;1000;2025-07-09 14:44:57.977628
65.99974951036276;-2.479065678555998;ValidPool;unknown;1000;2025-07-09 14:44:57.977628
59.949166467015694;-2.554388273278099;ValidPool;unknown;1000;2025-07-09 14:44:57.977628
60.27206892956913;2.6471040210638503;ValidPool;unknown;1000;2025-07-09 14:44:57.977628
64.09000934132648;5.1322909573642495;ValidPool;unknown;1000;2025-07-09 14:44:57.977628
59.24823338886571;2.1862594619147964;ValidPool;unknown;1000;2025-07-09 14:44:57.977628
65.75143944676574;5.278450538798191;ValidPool;unknown;1000;2025-07-09 14:44:57.977628
68.08288098494826;2.0485863231709005;ValidPool;unknown;1000;2025-07-09 14:44:57.977628
63.10203703998153;-2.850314755427959;ValidPool;unknown;1000;2025-07-09 14:44:57.977628
63.84567470057909;2.5224299597783317;ValidPool;unknown;1000;2025-07-09 14:44:57.977628
66.03869530434228;1.5045140313650465;ValidPool;unknown;1000;2025-07-09 14:44:57.977628
58.164829706159914;4.185379569950825;ValidPool;unknown;1000;2025-07-09 14:44:57.977628
64.82738079966512;-2.430963469714822;ValidPool;unknown;1000;2025-07-09 14:44:57.977628
66.47518525237186;-1.1597574630444067;ValidPool;unknown;1000;2025-07-09 14:44:57.977628
59.34897450565257;-0.08567959033147643;ValidPool;unknown;1000;2025-07-09 14:44:57.977628
58.538250062081104;2.7358589856675377;ValidPool;unknown;1000;2025-07-09 14:44:57.977628
66.61956755878754;-1.773724864972374;ValidPool;unknown;1000;2025-07-09 14:44:57.977628
57.940882221357185;-0.7073677404169492;ValidPool;unknown;1000;2025-07-09 14:44:57.977628
58.27880787683071;3.024947695352069;ValidPool;unknown;1000;2025-07-09 14:44:57.977628
59.80579920475411;0.5289779253954876;ValidPool;unknown;1000;2025-07-09 14:44:57.977628
59.113255134372416;-1.0549041305602533;ValidPool;unknown;1000;2025-07-09 14:44:57.977628
65.54266217735385;-0.39857134648329007;ValidPool;unknown;1000;2025-07-09 14:44:57.977628
62.3222342738042;-0.7138775365619097;ValidPool;unknown;1000;2025-07-09 14:44:57.977628
64.28573286175653;7.269820820313404;ValidPool;unknown;1000;2025-07-09 14:44:57.977628
57.86200034165619;0.5495229109556132;ValidPool;unknown;1000;2025-07-09 14:44:57.977628
60.30256021273052;3.6878772580283523;ValidPool;unknown;1000;2025-07-09 14:44:57.977628
66.02154317911977;3.463517155732729;ValidPool;unknown;1000;2025-07-09 14:44:57.977628
66.14903230303929;4.878494840092765;ValidPool;unknown;1000;2025-07-09 14:44:57.977628
67.5111770846997;-0.5236720702852198;ValidPool;unknown;1000;2025-07-09 14:44:57.977628
58.82613351553071;2.8181348245140057;ValidPool;unknown;1000;2025-07-09 14:44:57.977628
62.54683081423913;3.3383231758996534;ValidPool;unknown;1000;2025-07-09 14:44:57.977628
64.37528767955898;4.974934585159939;ValidPool;unknown;1000;2025-07-09 14:44:57.977628
67.73063674213952;0.7276154916315964;ValidPool;unknown;1000;2025-07-09 14:44:57.977628
67.68113784346382;2.454195977960674;ValidPool;unknown;1000;2025-07-09 14:44:57.977628
58.21072991369006;-0.40814865229637753;ValidPool;unknown;1000;2025-07-09 14:44:57.977628
68.07929813540392;7.4647221177517515;ValidPool;unknown;1000;2025-07-09 14:44:57.977628
57.838484606819435;3.2223145978441843;ValidPool;unknown;1000;2025-07-09 14:44:57.977628
66.40086771587373;0.9143218983779193;ValidPool;unknown;1000;2025-07-09 14:44:57.977628
66.45832230598305;-1.482063740063694;ValidPool;unknown;1000;2025-07-09 14:44:57.977628
64.53885934448856;6.715210755290549;ValidPool;unknown;1000;2025-07-09 14:44:57.977628
62.35019096423531;-2.152209321089204;ValidPool;unknown;1000;2025-07-09 14:44:57.977628
58.284695817000966;5.462126026737261;ValidPool;unknown;1000;2025-07-09 14:44:57.977628
64.4010357825992;-0.41953810260807245;ValidPool;unknown;1000;2025-07-09 14:44:57.977628
63.583648404825645;0.7240981400782203;ValidPool;unknown;1000;2025-07-09 14:44:57.977628
59.86663842606165;3.48760519207859;ValidPool;unknown;1000;2025-07-09 14:44:57.977628
60.42514068098847;-0.8487759386164289;ValidPool;unknown;1000;2025-07-09 14:44:57.977628
61.07678955718087;-2.373960409375583;ValidPool;unknown;1000;2025-07-09 14:44:57.977628
60.36386835545147;2.379145698435243;ValidPool;unknown;1000;2025-07-09 14:44:57.977628
58.49784205086814;-1.6815529666443767;ValidPool;unknown;1000;2025-07-09 14:44:57.977628
59.93732430511108;2.470121091927694;ValidPool;unknown;1000;2025-07-09 14:44:57.977628
62.33921822806691;3.574411880273233;ValidPool;unknown;1000;2025-07-09 14:44:57.977628
59.50522178275613;4.7042682033897645;ValidPool;unknown;1000;2025-07-09 14:44:57.977628
59.874543201327626;0.686582523022218;ValidPool;unknown;1000;2025-07-09 14:44:57.977628
61.71027200920721;4.2328468919370135;ValidPool;unknown;1000;2025-07-09 14:44:57.977628
66.47666724759199;-1.3300341919876904;ValidPool;unknown;1000;2025-07-09 14:44:57.977628
59.61502235759805;3.1230386913397674;ValidPool;unknown;1000;2025-07-09 14:44:57.977628
68.02819083380322;-2.0592835390187236;ValidPool;unknown;1000;2025-07-09 14:44:57.977628
65.30463981188113;3.5033488754896536;ValidPool;unknown;1000;2025-07-09 14:44:57.977628
67.23673768978145;0.1667789342754391;ValidPool;unknown;1000;2025-07-09 14:44:57.977628
61.26075719402916;2.090680658640476;ValidPool;unknown;1000;2025-07-09 14:44:57.977628
57.703709961388654;-1.4186536593209413;ValidPool;unknown;1000;2025-07-09 14:44:57.977628
62.201723576378484;-3.1377766254944466;ValidPool;unknown;1000;2025-07-09 14:44:57.977628
64.86401515048924;6.09840073956428;ValidPool;unknown;1000;2025-07-09 14:44:57.977628
60.970686250992415;-1.4814222520723808;ValidPool;unknown;1000;2025-07-09 14:44:57.977628
58.92451257914992;4.856332042681396;ValidPool;unknown;1000;2025-07-09 14:44:57.977628
64.7900085781255;4.442931016029121;ValidPool;unknown;1000;2025-07-09 14:44:57.977628
60.27582444254883;4.535190875371493;ValidPool;unknown;1000;2025-07-09 14:44:57.977628
66.74787332004937;2.8534851646183257;ValidPool;unknown;1000;2025-07-09 14:44:57.977628
61.06527618246368;-2.675907113425043;ValidPool;unknown;1000;2025-07-09 14:44:57.977628
65.306373063262;-1.2083799831667505;ValidPool;unknown;1000;2025-07-09 14:44:57.977628
66.7499231687139;-1.4891409480742013;ValidPool;unknown;1000;2025-07-09 14:44:57.977628
65.13968637266505;7.129622964197603;ValidPool;unknown;1000;2025-07-09 14:44:57.977628
63.292584578812715;3.027625962977073;ValidPool;unknown;1000;2025-07-09 14:44:57.977628
59.84049867684401;2.0446421774663732;ValidPool;unknown;1000;2025-07-09 14:44:57.977628
61.8446050440552;1.5822151431901328;ValidPool;unknown;1000;2025-07-09 14:44:57.977628
65.1876444000202;1.8372364677451345;ValidPool;unknown;1000;2025-07-09 14:44:57.977628
65.00532959839036;-3.010395378332559;ValidPool;unknown;1000;2025-07-09 14:44:57.977628
62.33655612064202;2.152943285272791;ValidPool;unknown;1000;2025-07-09 14:44:57.977628
66.7065243363566;7.2602435029199555;ValidPool;unknown;1000;2025-07-09 14:44:57.977628
65.62601233870564;4.978257839575706;ValidPool;unknown;1000;2025-07-09 14:44:57.977628
66.1904657289789;4.548617069214409;ValidPool;unknown;1000;2025-07-09 14:44:57.977628
65.51710037412856;-0.8696126230368026;ValidPool;unknown;1000;2025-07-09 14:44:57.977628
60.30363738809479;0.3508417045397332;ValidPool;unknown;1000;2025-07-09 14:44:57.977628
65.84440949427687;3.354774991693858;ValidPool;unknown;1000;2025-07-09 14:44:57.977628
63.71800377801158;1.653195456394251;ValidPool;unknown;1000;2025-07-09 14:44:57.977628
58.726963605590676;1.579312274021286;ValidPool;unknown;1000;2025-07-09 14:44:57.977628
59.72939095200203;2.3941432124131405;ValidPool;unknown;1000;2025-07-09 14:44:57.977628
65.74787982411742;3.7676146546223284;ValidPool;unknown;1000;2025-07-09 14:44:57.977628
63.50101097505911;5.064060575350972;ValidPool;unknown;1000;2025-07-09 14:44:57.977628
60.148915510039956;-0.6833923831484601;ValidPool;unknown;1000;2025-07-09 14:44:57.977628
64.18925147398019;6.254893590308882;ValidPool;unknown;1000;2025-07-09 14:44:57.977628
61.13925660312889;-0.39599028699097305;ValidPool;unknown;1000;2025-07-09 14:44:57.977628
59.06296070821136;0.16928656911810247;ValidPool;unknown;1000;2025-07-09 14:44:57.977628
65.76565819466221;7.478602419776234;ValidPool;unknown;1000;2025-07-09 14:44:57.977628
65.27505909186796;-2.063800896822563;ValidPool;unknown;1000;2025-07-09 14:44:57.977628
63.54519075593133;0.6146652705048306;ValidPool;unknown;1000;2025-07-09 14:44:57.977628
66.25297359354731;5.8146484473011135;ValidPool;unknown;1000;2025-07-09 14:44:57.977628
61.565219814197434;4.009594142873674;ValidPool;unknown;1000;2025-07-09 14:44:57.977628
66.46171390732222;-1.9203044066680446;ValidPool;unknown;1000;2025-07-09 14:44:57.977628
62.32538858434453;2.5259446839844952;ValidPool;unknown;1000;2025-07-09 14:44:57.977628
62.019724816334104;1.1381159501725313;ValidPool;unknown;1000;2025-07-09 14:44:57.977628
63.32608728987526;-1.2813485774223135;ValidPool;unknown;1000;2025-07-09 14:44:57.977628
64.65302923233628;4.220305967964997;ValidPool;unknown;1000;2025-07-09 14:44:57.977628
66.98390372383739;7.1099778401772795;ValidPool;unknown;1000;2025-07-09 14:44:57.977628
58.21764580843512;2.1463085436798255;ValidPool;unknown;1000;2025-07-09 14:44:57.977628
61.70597715286691;4.4202732523377275;ValidPool;unknown;1000;2025-07-09 14:44:57.977628
61.91160377945585;3.0588423224517762;ValidPool;unknown;1000;2025-07-09 14:44:57.977628
60.65409476788008;-2.420044305631194;ValidPool;unknown;1000;2025-07-09 14:44:57.977628
60.19238504273229;0.34938662163779277;ValidPool;unknown;1000;2025-07-09 14:44:57.977628
59.78561880270053;-2.5365776407066125;ValidPool;unknown;1000;2025-07-09 14:44:57.977628
63.30509800665304;-1.3717793798473055;ValidPool;unknown;1000;2025-07-09 14:44:57.977628
64.74517417267258;4.025016012287876;ValidPool;unknown;1000;2025-07-09 14:44:57.977628
64.14517320598014;5.783001670167851;ValidPool;unknown;1000;2025-07-09 14:44:57.977628
66.542050193551;0.7751255828233155;ValidPool;unknown;1000;2025-07-09 14:44:57.977628
64.03116494051388;6.492353967302419;ValidPool;unknown;1000;2025-07-09 14:44:57.977628
59.73830063199168;4.4482781455239735;ValidPool;unknown;1000;2025-07-09 14:44:57.977628
63.1622384754097;3.668111795296593;ValidPool;unknown;1000;2025-07-09 14:44:57.977628
57.73402282182325;2.7655031393353764;ValidPool;unknown;1000;2025-07-09 14:44:57.977628
65.05650344392788;2.8830574496629633;ValidPool;unknown;1000;2025-07-09 14:44:57.977628
59.39466167091;2.9126610116758447;ValidPool;unknown;1000;2025-07-09 14:44:57.977628
62.08786544064213;1.4023819120066938;ValidPool;unknown;1000;2025-07-09 14:44:57.977628
64.52786223562381;6.58337041333559;ValidPool;unknown;1000;2025-07-09 14:44:57.977628
63.81485235748712;2.8008856613891413;ValidPool;unknown;1000;2025-07-09 14:44:57.977628
61.52415395103792;1.6973922882225296;ValidPool;unknown;1000;2025-07-09 14:44:57.977628
67.92416423459883;3.4442529237893598;ValidPool;unknown;1000;2025-07-09 14:44:57.977628
60.32254946369066;1.344461459127246;ValidPool;unknown;1000;2025-07-09 14:44:57.977628
67.56725343456654;5.5745175414183805;ValidPool;unknown;1000;2025-07-09 14:44:57.977628
66.23644296175681;6.0119024868077435;ValidPool;unknown;1000;2025-07-09 14:44:57.977628
61.38773534635011;-2.1512679212510637;ValidPool;unknown;1000;2025-07-09 14:44:57.977628
66.75064465533276;0.19622415416432393;ValidPool;unknown;1000;2025-07-09 14:44:57.977628
66.9187189961562;3.7892905327493174;ValidPool;unknown;1000;2025-07-09 14:44:57.977628
61.23729588598932;-1.2481567018063717;ValidPool;unknown;1000;2025-07-09 14:44:57.977628
63.664482004400156;5.635761835389365;ValidPool;unknown;1000;2025-07-09 14:44:57.977628
65.58556257164224;7.342644656772482;ValidPool;unknown;1000;2025-07-09 14:44:57.977628
64.61814436588399;7.373071762245845;ValidPool;unknown;1000;2025-07-09 14:44:57.977628
64.55659352841387;7.1484281141069825;ValidPool;unknown;1000;2025-07-09 14:44:57.977628
57.88875160363057;1.2119144806339492;ValidPool;unknown;1000;2025-07-09 14:44:57.977628
61.33965612254435;2.5480002194758957;ValidPool;unknown;1000;2025-07-09 14:44:57.977628
67.69884942270124;-0.9598649472110066;ValidPool;unknown;1000;2025-07-09 14:44:57.977628
63.87429269353236;4.003227497720376;ValidPool;unknown;1000;2025-07-09 14:44:57.977628
64.93558852250283;0.9577886010820911;ValidPool;unknown;1000;2025-07-09 14:44:57.977628
63.845567634490806;-2.83913574356474;ValidPool;unknown;1000;2025-07-09 14:44:57.977628
65.3600871446061;-1.6258314088446146;ValidPool;unknown;1000;2025-07-09 14:44:57.977628
59.61239222234894;0.11376654099289141;ValidPool;unknown;1000;2025-07-09 14:44:57.977628
57.83810327563429;1.024388652274253;ValidPool;unknown;1000;2025-07-09 14:44:57.977628
60.79007876151807;2.431292987659378;ValidPool;unknown;1000;2025-07-09 14:44:57.977628
59.95035200573217;2.985084425252357;ValidPool;unknown;1000;2025-07-09 14:44:57.977628
64.94006924281378;4.925645123333037;ValidPool;unknown;1000;2025-07-09 14:44:57.977628
67.26490377566381;6.216879125621931;ValidPool;unknown;1000;2025-07-09 14:44:57.977628
61.466056810632956;-2.224484222543695;ValidPool;unknown;1000;2025-07-09 14:44:57.977628
63.10625447998693;6.4477710840978855;ValidPool;unknown;1000;2025-07-09 14:44:57.977628
68.02636024198614;2.336600292690568;ValidPool;unknown;1000;2025-07-09 14:44:57.977628
64.50112742258734;-0.2633260264645454;ValidPool;unknown;1000;2025-07-09 14:44:57.977628
66.83791666689126;-0.5793712599481746;ValidPool;unknown;1000;2025-07-09 14:44:57.977628
63.102517716784405;0.8391020049967728;ValidPool;unknown;1000;2025-07-09 14:44:57.977628
62.33188058570211;-3.120079841206307;ValidPool;unknown;1000;2025-07-09 14:44:57.977628
62.20289707985847;1.5913969798739314;ValidPool;unknown;1000;2025-07-09 14:44:57.977628
60.21579082496238;-2.5911465392279744;ValidPool;unknown;1000;2025-07-09 14:44:57.977628
64.19003410662967;0.8684370947058695;ValidPool;unknown;1000;2025-07-09 14:44:57.977628
64.03431800569369;7.062069850921912;ValidPool;unknown;1000;2025-07-09 14:44:57.977628
66.98507694673079;-0.1428385668010983;ValidPool;unknown;1000;2025-07-09 14:44:57.977628
64.3622737851941;-1.678547075876942;ValidPool;unknown;1000;2025-07-09 14:44:57.977628
63.920103579698264;1.1389686909384884;ValidPool;unknown;1000;2025-07-09 14:44:57.977628
64.20699938128693;5.041499573948913;ValidPool;unknown;1000;2025-07-09 14:44:57.977628
60.02445142426835;-0.7600987845000988;ValidPool;unknown;1000;2025-07-09 14:44:57.977628
63.61051875442716;7.4632960401614135;ValidPool;unknown;1000;2025-07-09 14:44:57.977628
59.96971736103753;-1.5699538622176523;ValidPool;unknown;1000;2025-07-09 14:44:57.977628
63.169801789393745;-2.2766670200604358;ValidPool;unknown;1000;2025-07-09 14:44:57.977628
63.39944387538459;3.835424631223964;ValidPool;unknown;1000;2025-07-09 14:44:57.977628
68.12455966156247;-0.10307858229071609;ValidPool;unknown;1000;2025-07-09 14:44:57.977628
61.47731255511108;3.2892539749500167;ValidPool;unknown;1000;2025-07-09 14:44:57.977628
65.96599018932386;-3.122258794023046;ValidPool;unknown;1000;2025-07-09 14:44:57.977628
64.20930341447959;2.5296743450686114;ValidPool;unknown;1000;2025-07-09 14:44:57.977628
68.18923247496366;-0.6463737751666323;ValidPool;unknown;1000;2025-07-09 14:44:57.977628
63.29350466983956;-1.6095870277545772;ValidPool;unknown;1000;2025-07-09 14:44:57.977628
68.07307593352914;1.9926416659811417;ValidPool;unknown;1000;2025-07-09 14:44:57.977628
65.88659143805228;4.8331099497637116;ValidPool;unknown;1000;2025-07-09 14:44:57.977628
66.42788034958178;5.415898995522545;ValidPool;unknown;1000;2025-07-09 14:44:57.977628
59.89777615333995;-0.6904409518655386;ValidPool;unknown;1000;2025-07-09 14:44:57.977628
64.32534655749781;-2.7602196648278197;ValidPool;unknown;1000;2025-07-09 14:44:57.977628
60.64904690091536;3.8703970321552386;ValidPool;unknown;1000;2025-07-09 14:44:57.977628
59.3535679705036;3.8134443960904174;ValidPool;unknown;1000;2025-07-09 14:44:57.977628
63.246240795020185;1.2493616583411407;ValidPool;unknown;1000;2025-07-09 14:44:57.977628
66.38791519069379;-1.5660167322474177;ValidPool;unknown;1000;2025-07-09 14:44:57.977628
58.805241410067744;-1.65031113577042;ValidPool;unknown;1000;2025-07-09 14:44:57.977628
60.912139081413976;-2.7000521035918172;ValidPool;unknown;1000;2025-07-09 14:44:57.977628
61.76284106517453;-0.6810984273925533;ValidPool;unknown;1000;2025-07-09 14:44:57.977628
63.26448588787509;-1.771450429807541;ValidPool;unknown;1000;2025-07-09 14:44:57.977628
59.51542933234491;-1.7385077188716036;ValidPool;unknown;1000;2025-07-09 14:44:57.977628
62.934539296686395;3.520421076497477;ValidPool;unknown;1000;2025-07-09 14:44:57.977628
60.27840664806639;1.348287453087567;ValidPool;unknown;1000;2025-07-09 14:44:57.977628
58.153434536009414;4.389239674777091;ValidPool;unknown;1000;2025-07-09 14:44:57.977628
60.9036610804169;-2.2814254879849174;ValidPool;unknown;1000;2025-07-09 14:44:57.977628
60.68263028979973;0.39166691649249685;ValidPool;unknown;1000;2025-07-09 14:44:57.977628
62.797922115671874;0.597123668546184;ValidPool;unknown;1000;2025-07-09 14:44:57.977628
58.52830260639701;-0.7717523155369608;ValidPool;unknown;1000;2025-07-09 14:44:57.977628
66.07124031507159;4.251623383833474;ValidPool;unknown;1000;2025-07-09 14:44:57.977628
63.31858094158357;0.26163266020872467;ValidPool;unknown;1000;2025-07-09 14:44:57.977628
58.91251098696952;-1.3949437903514843;ValidPool;unknown;1000;2025-07-09 14:44:57.977628
67.60586639884394;-1.2672232476602796;ValidPool;unknown;1000;2025-07-09 14:44:57.977628
67.04504951509703;4.2557998788106595;ValidPool;unknown;1000;2025-07-09 14:44:57.977628
64.33320187825544;1.15528039483041;ValidPool;unknown;1000;2025-07-09 14:44:57.977628
63.11329846082238;-1.5884925962795955;ValidPool;unknown;1000;2025-07-09 14:44:57.977628
63.164589980396336;-3.1116820084102135;ValidPool;unknown;1000;2025-07-09 14:44:57.977628
59.25132619270224;0.031277863637562575;ValidPool;unknown;1000;2025-07-09 14:44:57.977628
58.09353607005176;-0.7561458590549348;ValidPool;unknown;1000;2025-07-09 14:44:57.977628
60.54806012640786;1.728293560099067;ValidPool;unknown;1000;2025-07-09 14:44:57.977628
67.08198604611543;2.632692544392809;ValidPool;unknown;1000;2025-07-09 14:44:57.977628
67.9725715651505;6.9587747179887405;ValidPool;unknown;1000;2025-07-09 14:44:57.977628
62.476920947057295;5.336270344336098;ValidPool;unknown;1000;2025-07-09 14:44:57.977628
59.8795481072443;1.9881102294240267;ValidPool;unknown;1000;2025-07-09 14:44:57.977628
66.85731796409047;5.402647133642967;ValidPool;unknown;1000;2025-07-09 14:44:57.977628
59.490113530298416;-3.116887269340965;ValidPool;unknown;1000;2025-07-09 14:44:57.977628
65.1156092640193;-2.3839642540226196;ValidPool;unknown;1000;2025-07-09 14:44:57.977628
58.02124643996592;-2.176277437370334;ValidPool;unknown;1000;2025-07-09 14:44:57.977628
58.428591342404744;-2.200521585137266;ValidPool;unknown;1000;2025-07-09 14:44:57.977628
60.41519530967756;2.233019844263739;ValidPool;unknown;1000;2025-07-09 14:44:57.977628
64.30069386494755;0.6359717715138808;ValidPool;unknown;1000;2025-07-09 14:44:57.977628
67.98098051486521;2.13815188742763;ValidPool;unknown;1000;2025-07-09 14:44:57.977628
67.78076177500654;1.6005311711211188;ValidPool;unknown;1000;2025-07-09 14:44:57.977628
61.528032656955396;2.6246051411989275;ValidPool;unknown;1000;2025-07-09 14:44:57.977628
66.86660023873537;-1.2802770504219805;ValidPool;unknown;1000;2025-07-09 14:44:57.977628
68.14562368278993;5.460746390372806;ValidPool;unknown;1000;2025-07-09 14:44:57.977628
59.0563771200832;3.8239871785550137;ValidPool;unknown;1000;2025-07-09 14:44:57.977628
58.0623873269401;1.3206855875299666;ValidPool;unknown;1000;2025-07-09 14:44:57.977628
65.6540108078486;3.5851954405150424;ValidPool;unknown;1000;2025-07-09 14:44:57.977628
60.939494333321335;3.105308524596358;ValidPool;unknown;1000;2025-07-09 14:44:57.977628
61.720810906678444;4.249703410566317;ValidPool;unknown;1000;2025-07-09 14:44:57.977628
58.93610545586984;0.47269930661320325;ValidPool;unknown;1000;2025-07-09 14:44:57.977628
67.20697100207587;7.335240214485166;ValidPool;unknown;1000;2025-07-09 14:44:57.977628
63.882637908695045;-0.9815709303057241;ValidPool;unknown;1000;2025-07-09 14:44:57.977628
63.72538521408326;0.6424275493237879;ValidPool;unknown;1000;2025-07-09 14:44:57.977628
63.63690525661931;4.083560603951748;ValidPool;unknown;1000;2025-07-09 14:44:57.977628
63.01552154772393;3.8861892664315785;ValidPool;unknown;1000;2025-07-09 14:44:57.977628
63.42036414334374;0.6947424613824333;ValidPool;unknown;1000;2025-07-09 14:44:57.977628
63.32182377876117;2.948382498014331;ValidPool;unknown;1000;2025-07-09 14:44:57.977628
60.02620871046561;-0.05729645811477013;ValidPool;unknown;1000;2025-07-09 14:44:57.977628
58.73273670131946;0.5236097740999415;ValidPool;unknown;1000;2025-07-09 14:44:57.977628
61.36137139412428;-0.48346629426000565;ValidPool;unknown;1000;2025-07-09 14:44:57.977628
58.83312011820194;4.205198542266251;ValidPool;unknown;1000;2025-07-09 14:44:57.977628
62.3814873992648;4.087219663835752;ValidPool;unknown;1000;2025-07-09 14:44:57.977628
67.89186910987038;1.9603581158239973;ValidPool;unknown;1000;2025-07-09 14:44:57.977628
63.334650628873334;-1.8580125178497209;ValidPool;unknown;1000;2025-07-09 14:44:57.977628
62.344953007105936;-0.1377625948169645;ValidPool;unknown;1000;2025-07-09 14:44:57.977628
63.698510802696916;6.986954493938001;ValidPool;unknown;1000;2025-07-09 14:44:57.977628
65.4405527455877;-0.5772774839323138;ValidPool;unknown;1000;2025-07-09 14:44:57.977628
58.66003221422544;-2.6965424905877655;ValidPool;unknown;1000;2025-07-09 14:44:57.977628
63.91828675243282;1.9714203628783946;ValidPool;unknown;1000;2025-07-09 14:44:57.977628
68.29362274871107;1.3277053232376592;ValidPool;unknown;1000;2025-07-09 14:44:57.977628
61.24502637878743;2.9026913240800645;ValidPool;unknown;1000;2025-07-09 14:44:57.977628
59.368767866270936;2.7046903148791936;ValidPool;unknown;1000;2025-07-09 14:44:57.977628
63.08333235050038;6.213421959810836;ValidPool;unknown;1000;2025-07-09 14:44:57.977628
64.57819917900379;5.407735911037799;ValidPool;unknown;1000;2025-07-09 14:44:57.977628
68.06608389666229;3.747620688281432;ValidPool;unknown;1000;2025-07-09 14:44:57.977628
65.73519464696747;1.1236350158624862;ValidPool;unknown;1000;2025-07-09 14:44:57.977628
67.23322576695695;2.4735007440149217;ValidPool;unknown;1000;2025-07-09 14:44:57.977628
68.23997255304957;1.4411428596255278;ValidPool;unknown;1000;2025-07-09 14:44:57.977628
68.13718113792856;7.177034956921828;ValidPool;unknown;1000;2025-07-09 14:44:57.977628
58.900736704699675;-2.172196364738242;ValidPool;unknown;1000;2025-07-09 14:44:57.977628
64.42409434393606;5.237290935290424;ValidPool;unknown;1000;2025-07-09 14:44:57.977628
63.41598954519521;1.3804102455454754;ValidPool;unknown;1000;2025-07-09 14:44:57.977628
66.97751893643093;3.4833386664118815;ValidPool;unknown;1000;2025-07-09 14:44:57.977628
65.32310420284156;6.573517432865158;ValidPool;unknown;1000;2025-07-09 14:44:57.977628
60.30603781938085;1.3782278014530944;ValidPool;unknown;1000;2025-07-09 14:44:57.977628
63.99340627919038;5.018184729111983;ValidPool;unknown;1000;2025-07-09 14:44:57.977628
65.95053572349417;-1.0354664871791512;ValidPool;unknown;1000;2025-07-09 14:44:57.977628
66.5146587814569;4.858763796943233;ValidPool;unknown;1000;2025-07-09 14:44:57.977628
66.32259744293158;5.602650851002508;ValidPool;unknown;1000;2025-07-09 14:44:57.977628
64.14841099345188;-3.033433913462367;ValidPool;unknown;1000;2025-07-09 14:44:57.977628
57.78503229282378;-0.054305729844523754;ValidPool;unknown;1000;2025-07-09 14:44:57.977628
65.03319658538342;4.403248192506927;ValidPool;unknown;1000;2025-07-09 14:44:57.977628
61.21733275621405;1.4634555959561912;ValidPool;unknown;1000;2025-07-09 14:44:57.977628
67.75792683768599;6.072181443311596;ValidPool;unknown;1000;2025-07-09 14:44:57.977628
65.9474854433156;1.174852952532627;ValidPool;unknown;1000;2025-07-09 14:44:57.977628
57.719098385444155;-1.2123793958850766;ValidPool;unknown;1000;2025-07-09 14:44:57.977628
62.99510556575126;0.8503555607879227;ValidPool;unknown;1000;2025-07-09 14:44:57.977628
62.34336412790755;0.5015445821096742;ValidPool;unknown;1000;2025-07-09 14:44:57.977628
62.59214335919244;4.410560108752071;ValidPool;unknown;1000;2025-07-09 14:44:57.977628
62.83701244775781;-0.9847852502927155;ValidPool;unknown;1000;2025-07-09 14:44:57.977628
57.66509193178564;1.7014810850086186;ValidPool;unknown;1000;2025-07-09 14:44:57.977628
65.60613561191863;6.95492331281671;ValidPool;unknown;1000;2025-07-09 14:44:57.977628
60.887495926485016;3.8613459026058785;ValidPool;unknown;1000;2025-07-09 14:44:57.977628
59.824536483005026;-1.6799007725698276;ValidPool;unknown;1000;2025-07-09 14:44:57.977628
59.54267104377844;2.8956155756377675;ValidPool;unknown;1000;2025-07-09 14:44:57.977628
64.27906877677755;5.1965350481422465;ValidPool;unknown;1000;2025-07-09 14:44:57.977628
58.693565080812796;5.11090389399507;ValidPool;unknown;1000;2025-07-09 14:44:57.977628
65.4264004344027;2.760622722054243;ValidPool;unknown;1000;2025-07-09 14:44:57.977628
63.85152770652897;4.58008079059908;ValidPool;unknown;1000;2025-07-09 14:44:57.977628
62.5438375785144;4.9573129567486465;ValidPool;unknown;1000;2025-07-09 14:44:57.977628
59.065369325769915;0.193263879249014;ValidPool;unknown;1000;2025-07-09 14:44:57.977628
59.102110127017696;2.605998743762609;ValidPool;unknown;1000;2025-07-09 14:44:57.977628
63.53367318359199;2.766011993917752;ValidPool;unknown;1000;2025-07-09 14:44:57.977628
66.57291218390998;4.241647175640862;ValidPool;unknown;1000;2025-07-09 14:44:57.977628
63.145558785515966;3.0049573562984464;ValidPool;unknown;1000;2025-07-09 14:44:57.977628
63.34936934260024;6.839483535645087;ValidPool;unknown;1000;2025-07-09 14:44:57.977628
64.69910485908696;-2.2618176119415185;ValidPool;unknown;1000;2025-07-09 14:44:57.977628
62.715117659269595;3.7415388813930126;ValidPool;unknown;1000;2025-07-09 14:44:57.977628
62.18147488608065;3.3858173514618994;ValidPool;unknown;1000;2025-07-09 14:44:57.977628
67.84517837296286;6.4151428258752095;ValidPool;unknown;1000;2025-07-09 14:44:57.977628
67.93735399088733;-2.555131629028332;ValidPool;unknown;1000;2025-07-09 14:44:57.977628
62.91368378631812;-1.915510104911941;ValidPool;unknown;1000;2025-07-09 14:44:57.977628
67.74905262852666;6.3336347549514365;ValidPool;unknown;1000;2025-07-09 14:44:57.977628
67.7897014611108;-1.1190423398311498;ValidPool;unknown;1000;2025-07-09 14:44:57.977628
65.30256089833236;2.9968787323058197;ValidPool;unknown;1000;2025-07-09 14:44:57.977628
61.03587315799162;-1.76268945470558;ValidPool;unknown;1000;2025-07-09 14:44:57.977628
58.00317554806024;-3.1467957892892766;ValidPool;unknown;1000;2025-07-09 14:44:57.977628
66.06143251155139;-2.6438238194737944;ValidPool;unknown;1000;2025-07-09 14:44:57.977628
63.50371094584044;1.6156449471603955;ValidPool;unknown;1000;2025-07-09 14:44:57.977628
67.33525484839691;-2.6308145277070305;ValidPool;unknown;1000;2025-07-09 14:44:57.977628
68.30418800655197;6.811019669779775;ValidPool;unknown;1000;2025-07-09 14:44:57.977628
66.55461377743305;5.691836035727981;ValidPool;unknown;1000;2025-07-09 14:44:57.977628
63.20736854213907;-2.1572366858388747;ValidPool;unknown;1000;2025-07-09 14:44:57.977628
61.790239695363674;-1.8018755618739537;ValidPool;unknown;1000;2025-07-09 14:44:57.977628
66.9341876353256;-0.6545550882157345;ValidPool;unknown;1000;2025-07-09 14:44:57.977628
64.80588163006108;1.1008980718124035;ValidPool;unknown;1000;2025-07-09 14:44:57.977628
65.91478116546084;3.169680395748468;ValidPool;unknown;1000;2025-07-09 14:44:57.977628
62.82278389722546;-0.863135242686988;ValidPool;unknown;1000;2025-07-09 14:44:57.977628
67.4665058256602;3.2189224167132724;ValidPool;unknown;1000;2025-07-09 14:44:57.977628
58.77347476564815;-1.1165249577575316;ValidPool;unknown;1000;2025-07-09 14:44:57.977628
66.0127234698792;7.415295892959959;ValidPool;unknown;1000;2025-07-09 14:44:57.977628
63.39845070523714;0.3637441316918708;ValidPool;unknown;1000;2025-07-09 14:44:57.977628
59.36934293577387;-0.531695805977368;ValidPool;unknown;1000;2025-07-09 14:44:57.977628
65.78391042496081;-2.917975910874122;ValidPool;unknown;1000;2025-07-09 14:44:57.977628
60.40744003000608;0.5132300443247431;ValidPool;unknown;1000;2025-07-09 14:44:57.977628
64.37644167924843;-3.1033750959740636;ValidPool;unknown;1000;2025-07-09 14:44:57.977628
65.20355385536969;3.8246142743696967;ValidPool;unknown;1000;2025-07-09 14:44:57.977628
68.09664589635108;6.3490090383245885;ValidPool;unknown;1000;2025-07-09 14:44:57.977628
61.6317593818549;2.397402583023782;ValidPool;unknown;1000;2025-07-09 14:44:57.977628
60.142623428546756;2.9230992759751566;ValidPool;unknown;1000;2025-07-09 14:44:57.977628
64.46478634039327;7.020435610965418;ValidPool;unknown;1000;2025-07-09 14:44:57.977628
67.96621670144546;-2.7025962131036994;ValidPool;unknown;1000;2025-07-09 14:44:57.977628
62.12847556522638;2.4194844723847333;ValidPool;unknown;1000;2025-07-09 14:44:57.977628
64.2592886299749;-0.211824076234151;ValidPool;unknown;1000;2025-07-09 14:44:57.977628
67.2165107099873;6.875512788876128;ValidPool;unknown;1000;2025-07-09 14:44:57.977628
65.21540353167002;2.871089782134017;ValidPool;unknown;1000;2025-07-09 14:44:57.977628
67.8676216999711;4.6976361059415535;ValidPool;unknown;1000;2025-07-09 14:44:57.977628
66.36117123946326;-0.589264931576845;ValidPool;unknown;1000;2025-07-09 14:44:57.977628
66.46868315539155;6.3624284957606;ValidPool;unknown;1000;2025-07-09 14:44:57.977628
63.711771299357466;2.5014509938241214;ValidPool;unknown;1000;2025-07-09 14:44:57.977628
57.80655949514298;6.968697773064719;ValidPool;unknown;1000;2025-07-09 14:44:57.977628
59.75759184123278;-0.4061176183716424;ValidPool;unknown;1000;2025-07-09 14:44:57.977628
62.30083139594474;2.2171925914182506;ValidPool;unknown;1000;2025-07-09 14:44:57.977628
60.10158105579736;2.0763263834221832;ValidPool;unknown;1000;2025-07-09 14:44:57.977628
58.747761032034084;-2.048644116526244;ValidPool;unknown;1000;2025-07-09 14:44:57.977628
63.51126739954748;5.028667244436409;ValidPool;unknown;1000;2025-07-09 14:44:57.977628
59.646237238634434;-0.546730058782503;ValidPool;unknown;1000;2025-07-09 14:44:57.977628
62.77657686070281;-2.6532369934778726;ValidPool;unknown;1000;2025-07-09 14:44:57.977628
65.21072355036249;2.0404680353414535;ValidPool;unknown;1000;2025-07-09 14:44:57.977628
63.027468977896675;1.5015665342362756;ValidPool;unknown;1000;2025-07-09 14:44:57.977628
65.29600320580974;4.81914411234472;ValidPool;unknown;1000;2025-07-09 14:44:57.977628
64.90439846400933;4.156012075594221;ValidPool;unknown;1000;2025-07-09 14:44:57.977628
62.545702434352734;3.4932542068073285;ValidPool;unknown;1000;2025-07-09 14:44:57.977628
65.91640357860864;-2.4788907670499283;ValidPool;unknown;1000;2025-07-09 14:44:57.977628
61.16095047787632;2.132083460769586;ValidPool;unknown;1000;2025-07-09 14:44:57.977628
60.363903938422744;-0.2589674128617432;ValidPool;unknown;1000;2025-07-09 14:44:57.977628
62.9695154159014;2.556653974460555;ValidPool;unknown;1000;2025-07-09 14:44:57.977628
58.11899965407224;-2.5630569525884197;ValidPool;unknown;1000;2025-07-09 14:44:57.977628
63.164411526065024;6.243731914916804;ValidPool;unknown;1000;2025-07-09 14:44:57.977628
63.665609049357805;-0.9946932608997994;ValidPool;unknown;1000;2025-07-09 14:44:57.977628
65.25847622068314;1.855421131810711;ValidPool;unknown;1000;2025-07-09 14:44:57.977628
63.970305775276884;2.9365710483700638;ValidPool;unknown;1000;2025-07-09 14:44:57.977628
59.036474613405;0.8661119454385475;ValidPool;unknown;1000;2025-07-09 14:44:57.977628
65.8272242843436;-1.401237803891493;ValidPool;unknown;1000;2025-07-09 14:44:57.977628
60.106296088691025;0.015697317679963962;ValidPool;unknown;1000;2025-07-09 14:44:57.977628
57.79052484258931;6.764916963602255;ValidPool;unknown;1000;2025-07-09 14:44:57.977628
61.483354339373534;-2.655434111117213;ValidPool;unknown;1000;2025-07-09 14:44:57.977628
59.89471801827224;-2.8209669265369204;ValidPool;unknown;1000;2025-07-09 14:44:57.977628
57.72284147025787;-1.5492408998885137;ValidPool;unknown;1000;2025-07-09 14:44:57.977628
64.06595408050663;6.879021151152482;ValidPool;unknown;1000;2025-07-09 14:44:57.977628
65.84353550074914;3.2846577631848217;ValidPool;unknown;1000;2025-07-09 14:44:57.977628
60.19481605070199;3.713789491798934;ValidPool;unknown;1000;2025-07-09 14:44:57.977628
60.89248488352096;3.805607003248943;ValidPool;unknown;1000;2025-07-09 14:44:57.977628
64.16098071460179;4.460976533727992;ValidPool;unknown;1000;2025-07-09 14:44:57.977628
63.20416872217106;0.15056918094767235;ValidPool;unknown;1000;2025-07-09 14:44:57.977628
60.280027488122535;0.30232184963313724;ValidPool;unknown;1000;2025-07-09 14:44:57.977628
64.15267590239954;3.9054134520360937;ValidPool;unknown;1000;2025-07-09 14:44:57.977628
62.897786727483556;2.073494763316446;ValidPool;unknown;1000;2025-07-09 14:44:57.977628
62.346536117220005;-2.9721362831094984;ValidPool;unknown;1000;2025-07-09 14:44:57.977628
60.14840884301079;2.8130908053958;ValidPool;unknown;1000;2025-07-09 14:44:57.977628
66.64261286575099;0.5063710798847616;ValidPool;unknown;1000;2025-07-09 14:44:57.977628
62.96658555613712;5.401563261485435;ValidPool;unknown;1000;2025-07-09 14:44:57.977628
65.75772575602895;3.249960362083908;ValidPool;unknown;1000;2025-07-09 14:44:57.977628
64.321090951528;5.931363914344432;ValidPool;unknown;1000;2025-07-09 14:44:57.977628
60.66124137601519;-0.38005433411848477;ValidPool;unknown;1000;2025-07-09 14:44:57.977628
66.22466904202552;1.2515621318940968;ValidPool;unknown;1000;2025-07-09 14:44:57.977628
65.0303355190829;3.1942627349146924;ValidPool;unknown;1000;2025-07-09 14:44:57.977628
65.26724274167675;-1.8276494062368989;ValidPool;unknown;1000;2025-07-09 14:44:57.977628
66.75490143795614;4.124951991818062;ValidPool;unknown;1000;2025-07-09 14:44:57.977628
68.30071976162503;6.826029568106744;ValidPool;unknown;1000;2025-07-09 14:44:57.977628
65.94073486766642;3.4900799735458947;ValidPool;unknown;1000;2025-07-09 14:44:57.977628
67.71971090084932;6.66221554674326;ValidPool;unknown;1000;2025-07-09 14:44:57.977628
62.67335595791252;4.4214323744914275;ValidPool;unknown;1000;2025-07-09 14:44:57.977628
58.664029043417756;-1.9178121613563408;ValidPool;unknown;1000;2025-07-09 14:44:57.977628
66.01149937228357;1.4959272037219695;ValidPool;unknown;1000;2025-07-09 14:44:57.977628
64.3205455223036;-0.6557448940967481;ValidPool;unknown;1000;2025-07-09 14:44:57.977628
61.28991539849616;3.0598993149669;ValidPool;unknown;1000;2025-07-09 14:44:57.977628
63.97058306382993;0.24140725323318035;ValidPool;unknown;1000;2025-07-09 14:44:57.977628
65.13855222994434;2.1800559166508786;ValidPool;unknown;1000;2025-07-09 14:44:57.977628
68.2469777752169;5.532510504188913;ValidPool;unknown;1000;2025-07-09 14:44:57.977628
61.25237389861524;0.4402728259087607;ValidPool;unknown;1000;2025-07-09 14:44:57.977628
66.0517635971973;3.2241540541284714;ValidPool;unknown;1000;2025-07-09 14:44:57.977628
62.452965627253;0.7661774174732545;ValidPool;unknown;1000;2025-07-09 14:44:57.977628
65.3735775443674;6.700228278841406;ValidPool;unknown;1000;2025-07-09 14:44:57.977628
62.9067270903237;0.979505175008494;ValidPool;unknown;1000;2025-07-09 14:44:57.977628
65.24626040407917;-2.3228845245404877;ValidPool;unknown;1000;2025-07-09 14:44:57.977628
63.899750447683125;1.8524700566909948;ValidPool;unknown;1000;2025-07-09 14:44:57.977628
60.685730130257625;3.17341182464915;ValidPool;unknown;1000;2025-07-09 14:44:57.977628
57.78114016258006;-1.9023180736122562;ValidPool;unknown;1000;2025-07-09 14:44:57.977628
67.01986545482723;-1.266255528133395;ValidPool;unknown;1000;2025-07-09 14:44:57.977628
62.34798126885995;4.81243571151259;ValidPool;unknown;1000;2025-07-09 14:44:57.977628
64.5318259115406;-0.9185224732296522;ValidPool;unknown;1000;2025-07-09 14:44:57.977628
67.05411306423314;-2.0969673090438796;ValidPool;unknown;1000;2025-07-09 14:44:57.977628
62.802992458040116;5.1081407377229;ValidPool;unknown;1000;2025-07-09 14:44:57.977628
58.967166747106226;-0.5919749054485575;ValidPool;unknown;1000;2025-07-09 14:44:57.977628
66.35902198288632;2.031813039275573;ValidPool;unknown;1000;2025-07-09 14:44:57.977628
67.93312051720652;3.0209125375446795;ValidPool;unknown;1000;2025-07-09 14:44:57.977628
67.38830149918074;7.124350945246947;ValidPool;unknown;1000;2025-07-09 14:44:57.977628
64.4377758409286;1.1525184626417047;ValidPool;unknown;1000;2025-07-09 14:44:57.977628
61.59871740874412;0.40936358157810426;ValidPool;unknown;1000;2025-07-09 14:44:57.977628
66.26906455658408;4.361378068339638;ValidPool;unknown;1000;2025-07-09 14:44:57.977628
66.992603571965;2.6478558688246605;ValidPool;unknown;1000;2025-07-09 14:44:57.977628
63.88378052784093;3.3663216077254794;ValidPool;unknown;1000;2025-07-09 14:44:57.977628
62.510518737358765;5.415808209776564;ValidPool;unknown;1000;2025-07-09 14:44:57.977628
64.56851873966453;6.192129142984989;ValidPool;unknown;1000;2025-07-09 14:44:57.977628
60.6205085322526;1.6595042479602014;ValidPool;unknown;1000;2025-07-09 14:44:57.977628
61.06713798940606;2.796107861446887;ValidPool;unknown;1000;2025-07-09 14:44:57.977628
67.09842449818868;0.1318566329275157;ValidPool;unknown;1000;2025-07-09 14:44:57.977628
59.28025633392862;1.8056652152876072;ValidPool;unknown;1000;2025-07-09 14:44:57.977628
60.83516937503845;2.5588163710429703;ValidPool;unknown;1000;2025-07-09 14:44:57.977628
58.91976276504722;-2.3960261345331944;ValidPool;unknown;1000;2025-07-09 14:44:57.977628
64.73416546894094;7.2394034920102985;ValidPool;unknown;1000;2025-07-09 14:44:57.977628
65.66861561688616;1.5355681606235971;ValidPool;unknown;1000;2025-07-09 14:44:57.977628
60.68024039150249;-2.024916295911141;ValidPool;unknown;1000;2025-07-09 14:44:57.977628
68.06129335565173;-2.2991176596086755;ValidPool;unknown;1000;2025-07-09 14:44:57.977628
63.13490990263556;-0.14434176894729944;ValidPool;unknown;1000;2025-07-09 14:44:57.977628
58.53513861509469;-2.3219779408012013;ValidPool;unknown;1000;2025-07-09 14:44:57.977628
64.57548525092305;0.8719811049767565;ValidPool;unknown;1000;2025-07-09 14:44:57.977628
62.483990056864606;0.46657992569651885;ValidPool;unknown;1000;2025-07-09 14:44:57.977628
63.74377642153391;3.2430154847554156;ValidPool;unknown;1000;2025-07-09 14:44:57.977628
63.604352608291975;5.726296066168771;ValidPool;unknown;1000;2025-07-09 14:44:57.977628
66.2699620799684;2.195325850151662;ValidPool;unknown;1000;2025-07-09 14:44:57.977628
64.13597473408979;-2.221765639356018;ValidPool;unknown;1000;2025-07-09 14:44:57.977628
58.76422531395545;-1.2799567258871616;ValidPool;unknown;1000;2025-07-09 14:44:57.977628
63.05319745709338;5.8752965067574205;ValidPool;unknown;1000;2025-07-09 14:44:57.977628
65.50511984580777;6.663223238475659;ValidPool;unknown;1000;2025-07-09 14:44:57.977628
63.8702319618519;7.242894740074846;ValidPool;unknown;1000;2025-07-09 14:44:57.977628
60.76680888110034;4.134011272238018;ValidPool;unknown;1000;2025-07-09 14:44:57.977628
61.432669355972635;2.884667653456924;ValidPool;unknown;1000;2025-07-09 14:44:57.977628
67.08606414978141;-2.639919649692899;ValidPool;unknown;1000;2025-07-09 14:44:57.977628
67.22074468422267;3.001160188447314;ValidPool;unknown;1000;2025-07-09 14:44:57.977628
62.5912658353391;5.644831525304898;ValidPool;unknown;1000;2025-07-09 14:44:57.977628
63.914538643929205;7.097766319250903;ValidPool;unknown;1000;2025-07-09 14:44:57.977628
60.920814080639865;3.8337485119520767;ValidPool;unknown;1000;2025-07-09 14:44:57.977628
63.61531026173285;4.958490532880617;ValidPool;unknown;1000;2025-07-09 14:44:57.977628
63.42135828317543;2.1814066325917287;ValidPool;unknown;1000;2025-07-09 14:44:57.977628
60.66313847734875;2.831705156911734;ValidPool;unknown;1000;2025-07-09 14:44:57.977628
64.60933289392055;4.150926503351554;ValidPool;unknown;1000;2025-07-09 14:44:57.977628
66.69807263193775;-2.1950836826047526;ValidPool;unknown;1000;2025-07-09 14:44:57.977628
64.75812927955324;-1.4421073529075676;ValidPool;unknown;1000;2025-07-09 14:44:57.977628
63.01340948000504;1.1828984580752464;ValidPool;unknown;1000;2025-07-09 14:44:57.977628
67.71720905774264;1.9382328843722108;ValidPool;unknown;1000;2025-07-09 14:44:57.977628
62.60366608013535;1.9559798127146428;ValidPool;unknown;1000;2025-07-09 14:44:57.977628
63.04112213352599;-1.690062001622554;ValidPool;unknown;1000;2025-07-09 14:44:57.977628
62.40104600785969;-1.003460691676901;ValidPool;unknown;1000;2025-07-09 14:44:57.977628
68.23008848897419;5.904136671042128;ValidPool;unknown;1000;2025-07-09 14:44:57.977628
59.8634694463309;2.248079439751088;ValidPool;unknown;1000;2025-07-09 14:44:57.977628
64.09563588158649;4.419985578776879;ValidPool;unknown;1000;2025-07-09 14:44:57.977628
62.531254084535846;4.748529336682704;ValidPool;unknown;1000;2025-07-09 14:44:57.977628
58.483125712282565;-1.4518053564792497;ValidPool;unknown;1000;2025-07-09 14:44:57.977628
66.23509974119804;1.4955996041237696;ValidPool;unknown;1000;2025-07-09 14:44:57.977628
64.82380982873639;3.5898591407886786;ValidPool;unknown;1000;2025-07-09 14:44:57.977628
62.828403243032014;-1.173589329888471;ValidPool;unknown;1000;2025-07-09 14:44:57.977628
67.80184448921949;2.889745252930435;ValidPool;unknown;1000;2025-07-09 14:44:57.977628
61.48512502706756;-0.12891132061211152;ValidPool;unknown;1000;2025-07-09 14:44:57.977628
65.49932861630694;5.865287905412011;ValidPool;unknown;1000;2025-07-09 14:44:57.977628
59.72764666671179;1.7330782743617168;ValidPool;unknown;1000;2025-07-09 14:44:57.977628
67.90614191288448;6.134800307397958;ValidPool;unknown;1000;2025-07-09 14:44:57.977628
59.57107267986962;0.46419156820843543;ValidPool;unknown;1000;2025-07-09 14:44:57.977628
57.95365914953038;-1.6093966575811007;ValidPool;unknown;1000;2025-07-09 14:44:57.977628
62.99031491347854;-3.0550324675063;ValidPool;unknown;1000;2025-07-09 14:44:57.977628
66.02999184294424;7.237785681194625;ValidPool;unknown;1000;2025-07-09 14:44:57.977628
62.688710961390846;-2.5492269949924116;ValidPool;unknown;1000;2025-07-09 14:44:57.977628
65.44506283320375;1.9677358343153464;ValidPool;unknown;1000;2025-07-09 14:44:57.977628
61.80102615210105;4.263682577324317;ValidPool;unknown;1000;2025-07-09 14:44:57.977628
65.845420967687;-1.8694158257694382;ValidPool;unknown;1000;2025-07-09 14:44:57.977628
59.47316279897113;0.7270451305252883;ValidPool;unknown;1000;2025-07-09 14:44:57.977628
68.18990543104775;4.561200277133276;ValidPool;unknown;1000;2025-07-09 14:44:57.977628
64.51007640380845;-1.1777699718116628;ValidPool;unknown;1000;2025-07-09 14:44:57.977628
65.12258344558194;0.16316131246346233;ValidPool;unknown;1000;2025-07-09 14:44:57.977628
68.04837112134004;2.9565551594323503;ValidPool;unknown;1000;2025-07-09 14:44:57.977628
63.56116256564402;-0.24220920395524326;ValidPool;unknown;1000;2025-07-09 14:44:57.977628
67.7540184723699;4.528780198020733;ValidPool;unknown;1000;2025-07-09 14:44:57.977628
62.42550278777743;3.7397548476505595;ValidPool;unknown;1000;2025-07-09 14:44:57.977628
65.07789253977388;2.5398608547067547;ValidPool;unknown;1000;2025-07-09 14:44:57.977628
67.07682408780023;-0.8508355194962185;ValidPool;unknown;1000;2025-07-09 14:44:57.977628
61.44714685425781;0.4428642480349829;ValidPool;unknown;1000;2025-07-09 14:44:57.977628
67.08242755612562;-2.2125821455789687;ValidPool;unknown;1000;2025-07-09 14:44:57.977628
62.11281212732836;3.314635544004054;ValidPool;unknown;1000;2025-07-09 14:44:57.977628
64.65206752904744;-2.044039276047757;ValidPool;unknown;1000;2025-07-09 14:44:57.977628
63.525542838001684;-2.430154249681882;ValidPool;unknown;1000;2025-07-09 14:44:57.977628
62.25783441049138;1.945007326496151;ValidPool;unknown;1000;2025-07-09 14:44:57.977628
59.80270200644776;1.023090993619323;ValidPool;unknown;1000;2025-07-09 14:44:57.977628
63.336214038160605;-0.47982676459270657;ValidPool;unknown;1000;2025-07-09 14:44:57.977628
62.49142881670372;0.040025276675139665;ValidPool;unknown;1000;2025-07-09 14:44:57.977628
61.37515014256804;1.5785253019120993;ValidPool;unknown;1000;2025-07-09 14:44:57.977628
67.47016351586366;-2.5879606922814617;ValidPool;unknown;1000;2025-07-09 14:44:57.977628
66.71625689609078;0.10041808281171116;ValidPool;unknown;1000;2025-07-09 14:44:57.977628
59.7179643374759;3.387549346590179;ValidPool;unknown;1000;2025-07-09 14:44:57.977628
57.835184809444534;6.433348735703214;ValidPool;unknown;1000;2025-07-09 14:44:57.977628
64.5165216078572;5.961180453744877;ValidPool;unknown;1000;2025-07-09 14:44:57.977628
60.752296106159605;4.008622836077343;ValidPool;unknown;1000;2025-07-09 14:44:57.977628
58.86683908558449;-0.0018400174590427198;ValidPool;unknown;1000;2025-07-09 14:44:57.977628
60.637285570134715;3.4919858346720676;ValidPool;unknown;1000;2025-07-09 14:44:57.977628
58.64089931471819;5.0257271818070635;ValidPool;unknown;1000;2025-07-09 14:44:57.977628
67.81932975726617;0.5828832904515133;ValidPool;unknown;1000;2025-07-09 14:44:57.977628
61.092758918493615;0.7484061475740189;ValidPool;unknown;1000;2025-07-09 14:44:57.977628
63.484323234587556;6.496067565577597;ValidPool;unknown;1000;2025-07-09 14:44:57.977628
67.59113509971712;-2.2597161945702045;ValidPool;unknown;1000;2025-07-09 14:44:57.977628
57.790416154329414;0.805411303247316;ValidPool;unknown;1000;2025-07-09 14:44:57.977628
67.33849357230527;-0.9375636134654894;ValidPool;unknown;1000;2025-07-09 14:44:57.977628
58.229056903385334;0.4306989878119123;ValidPool;unknown;1000;2025-07-09 14:44:57.977628
59.527944816676424;3.200468233237205;ValidPool;unknown;1000;2025-07-09 14:44:57.977628
61.371894153632;3.8354922450773246;ValidPool;unknown;1000;2025-07-09 14:44:57.977628
68.06118672866656;1.6499116662990114;ValidPool;unknown;1000;2025-07-09 14:44:57.977628
60.69956134996844;1.5447965270539208;ValidPool;unknown;1000;2025-07-09 14:44:57.977628
64.55933931034878;4.912602841232639;ValidPool;unknown;1000;2025-07-09 14:44:57.977628
61.905844320723084;1.5791021175325457;ValidPool;unknown;1000;2025-07-09 14:44:57.977628
66.69127826534574;3.4158346829172737;ValidPool;unknown;1000;2025-07-09 14:44:57.977628
59.57745952379211;-2.677255782527526;ValidPool;unknown;1000;2025-07-09 14:44:57.977628
61.48387764062282;2.5970302898130107;ValidPool;unknown;1000;2025-07-09 14:44:57.977628
61.58581520905406;1.8580636212564712;ValidPool;unknown;1000;2025-07-09 14:44:57.977628
65.8812806978892;-1.0579065864033392;ValidPool;unknown;1000;2025-07-09 14:44:57.977628
62.94846538484905;-0.748926497203918;ValidPool;unknown;1000;2025-07-09 14:44:57.977628
58.04934923063389;1.9642889638499068;ValidPool;unknown;1000;2025-07-09 14:44:57.977628
68.1666189815797;4.132871542567338;ValidPool;unknown;1000;2025-07-09 14:44:57.977628
67.61250414947968;0.39611050714719287;ValidPool;unknown;1000;2025-07-09 14:44:57.977628
65.0372671746973;4.7140911167250845;ValidPool;unknown;1000;2025-07-09 14:44:57.977628
67.64616080151318;-0.9379632199386552;ValidPool;unknown;1000;2025-07-09 14:44:57.977628
58.06242908958316;0.4420035788882024;ValidPool;unknown;1000;2025-07-09 14:44:57.977628
61.675289128397964;2.545853603206442;ValidPool;unknown;1000;2025-07-09 14:44:57.977628
58.09159262254426;-2.1357840353345052;ValidPool;unknown;1000;2025-07-09 14:44:57.977628
64.12713206799992;6.722148401997256;ValidPool;unknown;1000;2025-07-09 14:44:57.977628
65.32834464935706;3.597013721264991;ValidPool;unknown;1000;2025-07-09 14:44:57.977628
61.77834341823926;1.0542371096754635;ValidPool;unknown;1000;2025-07-09 14:44:57.977628
58.08861125938481;-2.050146581227673;ValidPool;unknown;1000;2025-07-09 14:44:57.977628
64.04638687401328;-0.21653725672464175;ValidPool;unknown;1000;2025-07-09 14:44:57.977628
63.99319449170117;4.639773253640504;ValidPool;unknown;1000;2025-07-09 14:44:57.977628
61.32099624629506;-1.6993079471894001;ValidPool;unknown;1000;2025-07-09 14:44:57.977628
59.16392074354718;-2.2081046655576957;ValidPool;unknown;1000;2025-07-09 14:44:57.977628
58.15763951480541;2.4519471966472604;ValidPool;unknown;1000;2025-07-09 14:44:57.977628
58.51265866343982;0.8997157807035987;ValidPool;unknown;1000;2025-07-09 14:44:57.977628
59.15808874165856;3.3357519547170917;ValidPool;unknown;1000;2025-07-09 14:44:57.977628
63.9555858529398;0.8936938469492746;ValidPool;unknown;1000;2025-07-09 14:44:57.977628
63.768742078973744;0.8703493178162423;ValidPool;unknown;1000;2025-07-09 14:44:57.977628
68.29350377765107;2.5256746603659743;ValidPool;unknown;1000;2025-07-09 14:44:57.977628
66.41599883558453;6.2300075309946354;ValidPool;unknown;1000;2025-07-09 14:44:57.977628
63.97958659689037;2.0687312235224833;ValidPool;unknown;1000;2025-07-09 14:44:57.977628
65.01731751344606;2.23030188981417;ValidPool;unknown;1000;2025-07-09 14:44:57.977628
67.003622831425;2.823858049565485;ValidPool;unknown;1000;2025-07-09 14:44:57.977628
62.94951586265839;1.991309787423209;ValidPool;unknown;1000;2025-07-09 14:44:57.977628
63.28399041087842;-0.5368361538343467;ValidPool;unknown;1000;2025-07-09 14:44:57.977628
67.94607251264738;-0.6671442231407965;ValidPool;unknown;1000;2025-07-09 14:44:57.977628
59.89338297577259;3.986046978483317;ValidPool;unknown;1000;2025-07-09 14:44:57.977628
62.779230963545125;3.4507419772584353;ValidPool;unknown;1000;2025-07-09 14:44:57.977628
62.78511430469658;-2.186577101879105;ValidPool;unknown;1000;2025-07-09 14:44:57.977628
58.47452579273898;-2.0496813683798933;ValidPool;unknown;1000;2025-07-09 14:44:57.977628
59.80041793087767;4.659102670118921;ValidPool;unknown;1000;2025-07-09 14:44:57.977628
67.65508848772872;-2.7501120102732646;ValidPool;unknown;1000;2025-07-09 14:44:57.977628
59.67584804143891;4.12459974917863;ValidPool;unknown;1000;2025-07-09 14:44:57.977628
63.109856905446414;6.999159234131657;ValidPool;unknown;1000;2025-07-09 14:44:57.977628
68.1976484012044;7.162632424884521;ValidPool;unknown;1000;2025-07-09 14:44:57.977628
64.60827423026018;-3.157995332402704;ValidPool;unknown;1000;2025-07-09 14:44:57.977628
63.14462600843363;3.5225607118477096;ValidPool;unknown;1000;2025-07-09 14:44:57.977628
65.26437688897866;3.4922630441067146;ValidPool;unknown;1000;2025-07-09 14:44:57.977628
66.66575454762847;3.46923247538882;ValidPool;unknown;1000;2025-07-09 14:44:57.977628
61.627058073612346;0.2254267349468857;ValidPool;unknown;1000;2025-07-09 14:44:57.977628
60.08419872335302;2.9427884580514587;ValidPool;unknown;1000;2025-07-09 14:44:57.977628
60.05390688304216;2.8315968714785797;ValidPool;unknown;1000;2025-07-09 14:44:57.977628
60.056311984000146;1.9050510701640424;ValidPool;unknown;1000;2025-07-09 14:44:57.977628
58.16896948557869;6.194290284185817;ValidPool;unknown;1000;2025-07-09 14:44:57.977628
65.57106203083664;-2.008470517602861;ValidPool;unknown;1000;2025-07-09 14:44:57.977628
63.79132671633542;4.469192627966098;ValidPool;unknown;1000;2025-07-09 14:44:57.977628
59.31992537310663;2.869793379139437;ValidPool;unknown;1000;2025-07-09 14:44:57.977628
63.113006746840924;0.5262098408677227;ValidPool;unknown;1000;2025-07-09 14:44:57.977628
66.30268497760021;5.924992560332328;ValidPool;unknown;1000;2025-07-09 14:44:57.977628
59.233457085248894;4.155322952624733;ValidPool;unknown;1000;2025-07-09 14:44:57.977628
67.84988185076867;0.42914193768945763;ValidPool;unknown;1000;2025-07-09 14:44:57.977628
66.68656620337744;4.176321353160205;ValidPool;unknown;1000;2025-07-09 14:44:57.977628
67.25134369201722;5.185598926034142;ValidPool;unknown;1000;2025-07-09 14:44:57.977628
64.54982031354525;4.935199340592542;ValidPool;unknown;1000;2025-07-09 14:44:57.977628
63.77227243818731;-0.4387367397739439;ValidPool;unknown;1000;2025-07-09 14:44:57.977628
58.871641248832454;5.191184851300319;ValidPool;unknown;1000;2025-07-09 14:44:57.977628
67.05286817813774;6.132618566281712;ValidPool;unknown;1000;2025-07-09 14:44:57.977628
61.469797813176285;-1.0845186844661012;ValidPool;unknown;1000;2025-07-09 14:44:57.977628
62.23476393297968;-0.2924753426593245;ValidPool;unknown;1000;2025-07-09 14:44:57.977628
58.22952587028343;5.192526111197035;ValidPool;unknown;1000;2025-07-09 14:44:57.977628
62.12745646709199;0.8077639540209929;ValidPool;unknown;1000;2025-07-09 14:44:57.977628
64.77203110577213;6.639477283425226;ValidPool;unknown;1000;2025-07-09 14:44:57.977628
65.23403647501769;1.8292839798913927;ValidPool;unknown;1000;2025-07-09 14:44:57.977628
57.86338524946903;5.213167707989815;ValidPool;unknown;1000;2025-07-09 14:44:57.977628
65.70641790773418;7.468439430547306;ValidPool;unknown;1000;2025-07-09 14:44:57.977628
59.69432646826162;4.736898407176104;ValidPool;unknown;1000;2025-07-09 14:44:57.977628
58.16637728145929;5.005726457760796;ValidPool;unknown;1000;2025-07-09 14:44:57.977628
60.78428390054235;-2.2077353914873745;ValidPool;unknown;1000;2025-07-09 14:44:57.977628
61.015694691037524;-2.9287882338829085;ValidPool;unknown;1000;2025-07-09 14:44:57.977628
64.85745355307125;-0.9029623360284886;ValidPool;unknown;1000;2025-07-09 14:44:57.977628
68.28235075378355;2.375159550690118;ValidPool;unknown;1000;2025-07-09 14:44:57.977628
68.08122457411922;-0.024865190852626284;ValidPool;unknown;1000;2025-07-09 14:44:57.977628
66.26993363462205;1.205758188541187;ValidPool;unknown;1000;2025-07-09 14:44:57.977628
58.980762288856575;0.2291664887918432;ValidPool;unknown;1000;2025-07-09 14:44:57.977628
68.02938371631792;3.060107340735818;ValidPool;unknown;1000;2025-07-09 14:44:57.977628
66.46598175062866;-0.6134076498636905;ValidPool;unknown;1000;2025-07-09 14:44:57.977628
67.42204761217138;-0.46538305997898055;ValidPool;unknown;1000;2025-07-09 14:44:57.977628
59.48424138465662;4.843467319437158;ValidPool;unknown;1000;2025-07-09 14:44:57.977628
64.84707790033887;-2.3970909112376666;ValidPool;unknown;1000;2025-07-09 14:44:57.977628
61.92157140238344;0.3084026598196994;ValidPool;unknown;1000;2025-07-09 14:44:57.977628
58.387942668160804;0.7260401056942669;ValidPool;unknown;1000;2025-07-09 14:44:57.977628
64.63451997102166;3.5447814060118543;ValidPool;unknown;1000;2025-07-09 14:44:57.977628
63.745697713474264;-2.2809323437528444;ValidPool;unknown;1000;2025-07-09 14:44:57.977628
68.08223790384828;5.348367044531383;ValidPool;unknown;1000;2025-07-09 14:44:57.977628
63.346689902448375;6.279654799193759;ValidPool;unknown;1000;2025-07-09 14:44:57.977628
59.7469802241665;-2.1051220123808276;ValidPool;unknown;1000;2025-07-09 14:44:57.977628
67.04288830557917;1.8692606367009037;ValidPool;unknown;1000;2025-07-09 14:44:57.977628
58.71124958708292;-2.0352238386785024;ValidPool;unknown;1000;2025-07-09 14:44:57.977628
62.07566909323536;-1.8089093427202696;ValidPool;unknown;1000;2025-07-09 14:44:57.977628
61.702961240667484;0.18218622599913514;ValidPool;unknown;1000;2025-07-09 14:44:57.977628
62.603306416255755;0.0761250878846802;ValidPool;unknown;1000;2025-07-09 14:44:57.977628
67.921682673587;6.293938147969355;ValidPool;unknown;1000;2025-07-09 14:44:57.977628
59.45942888892155;1.6526740372412179;ValidPool;unknown;1000;2025-07-09 14:44:57.977628
67.59041286375766;5.051005639360238;ValidPool;unknown;1000;2025-07-09 14:44:57.977628
66.737379285387;-1.7380348379347526;ValidPool;unknown;1000;2025-07-09 14:44:57.977628
62.89912098000673;0.9836405214606514;ValidPool;unknown;1000;2025-07-09 14:44:57.977628
60.874146778960004;-0.5007244520423639;ValidPool;unknown;1000;2025-07-09 14:44:57.977628
59.041203177012406;2.038155652192954;ValidPool;unknown;1000;2025-07-09 14:44:57.977628
67.79741278958656;-1.935135924745715;ValidPool;unknown;1000;2025-07-09 14:44:57.977628
65.68348142957282;-1.8485986033160828;ValidPool;unknown;1000;2025-07-09 14:44:57.977628
58.34764803822578;-2.288340148800843;ValidPool;unknown;1000;2025-07-09 14:44:57.977628
64.98922880357243;-2.4727167304605246;ValidPool;unknown;1000;2025-07-09 14:44:57.977628
64.09623645622612;3.902182886572413;ValidPool;unknown;1000;2025-07-09 14:44:57.977628
65.93977758645173;6.524937838003684;ValidPool;unknown;1000;2025-07-09 14:44:57.977628
60.18629409668715;-2.456436840822686;ValidPool;unknown;1000;2025-07-09 14:44:57.977628
59.27144911882227;-0.28481460805437875;ValidPool;unknown;1000;2025-07-09 14:44:57.977628
65.27573586692814;4.156439800360831;ValidPool;unknown;1000;2025-07-09 14:44:57.977628
60.767802073783976;1.048497198797818;ValidPool;unknown;1000;2025-07-09 14:44:57.977628
65.44308884083046;-2.220769558836846;ValidPool;unknown;1000;2025-07-09 14:44:57.977628
60.59006587543014;-1.9376628351302412;ValidPool;unknown;1000;2025-07-09 14:44:57.977628
59.868605797580116;1.4613803723527563;ValidPool;unknown;1000;2025-07-09 14:44:57.977628
63.51400955189419;0.8419342877130851;ValidPool;unknown;1000;2025-07-09 14:44:57.977628
58.13256998232567;2.0505927292467967;ValidPool;unknown;1000;2025-07-09 14:44:57.977628
60.8177845767521;1.3194678162561488;ValidPool;unknown;1000;2025-07-09 14:44:57.977628
66.40675622282374;-2.477002158207454;ValidPool;unknown;1000;2025-07-09 14:44:57.977628
64.56371335652591;0.6256145295043596;ValidPool;unknown;1000;2025-07-09 14:44:57.977628
66.87044014412943;-1.360524791888894;ValidPool;unknown;1000;2025-07-09 14:44:57.977628
59.97677794137229;4.125692267897518;ValidPool;unknown;1000;2025-07-09 14:44:57.977628
61.585826410976324;-1.652843123686822;ValidPool;unknown;1000;2025-07-09 14:44:57.977628
59.723590045367914;3.633366462212352;ValidPool;unknown;1000;2025-07-09 14:44:57.977628
60.26896282054549;4.097538351811625;ValidPool;unknown;1000;2025-07-09 14:44:57.977628
66.91163624412964;6.278063298511986;ValidPool;unknown;1000;2025-07-09 14:44:57.977628
62.34583695308532;5.47141413143739;ValidPool;unknown;1000;2025-07-09 14:44:57.977628
60.32535342015409;-2.117579016131325;ValidPool;unknown;1000;2025-07-09 14:44:57.977628
59.62483650601474;-1.5458951879647247;ValidPool;unknown;1000;2025-07-09 14:44:57.977628
57.84586591165543;0.2603610160322649;ValidPool;unknown;1000;2025-07-09 14:44:57.977628
63.77683566716763;-3.15203556566874;ValidPool;unknown;1000;2025-07-09 14:44:57.977628
58.03666359531031;-2.7542899590927963;ValidPool;unknown;1000;2025-07-09 14:44:57.977628
60.31383672436166;0.9886645380040586;ValidPool;unknown;1000;2025-07-09 14:44:57.977628
64.19069408096242;4.865848368900373;ValidPool;unknown;1000;2025-07-09 14:44:57.977628
59.42403076021106;1.1465916153284224;ValidPool;unknown;1000;2025-07-09 14:44:57.977628
63.036878906978814;1.7161522127644395;ValidPool;unknown;1000;2025-07-09 14:44:57.977628
61.61866702361003;-1.2810586989502202;ValidPool;unknown;1000;2025-07-09 14:44:57.977628
59.9335340994423;1.7687556631937684;ValidPool;unknown;1000;2025-07-09 14:44:57.977628
59.753078348853165;-0.9850078897248387;ValidPool;unknown;1000;2025-07-09 14:44:57.977628
58.38219122408277;1.1260625593410043;ValidPool;unknown;1000;2025-07-09 14:44:57.977628
65.47594572547183;-2.2259318599954154;ValidPool;unknown;1000;2025-07-09 14:44:57.977628
64.14067524308746;7.280413266531479;ValidPool;unknown;1000;2025-07-09 14:44:57.977628
63.33137713165612;-2.7314434828684795;ValidPool;unknown;1000;2025-07-09 14:44:57.977628
62.50723884804816;4.08837509504855;ValidPool;unknown;1000;2025-07-09 14:44:57.977628
65.56730555253102;3.9965760717351384;ValidPool;unknown;1000;2025-07-09 14:44:57.977628
61.1576043407471;3.7805570016008816;ValidPool;unknown;1000;2025-07-09 14:44:57.977628
61.67145647947839;1.5364859317876536;ValidPool;unknown;1000;2025-07-09 14:44:57.977628
58.62908325568873;3.472104449216421;ValidPool;unknown;1000;2025-07-09 14:44:57.977628
58.581995767938196;5.533754122934768;ValidPool;unknown;1000;2025-07-09 14:44:57.977628
58.8218447573151;1.2645385297302414;ValidPool;unknown;1000;2025-07-09 14:44:57.977628
59.37209949873689;2.6013538142503756;ValidPool;unknown;1000;2025-07-09 14:44:57.977628
67.00455597359276;-2.5471273844016515;ValidPool;unknown;1000;2025-07-09 14:44:57.977628
66.06164399165121;-1.0920733683736819;ValidPool;unknown;1000;2025-07-09 14:44:57.977628
58.84461984922178;2.752610734109689;ValidPool;unknown;1000;2025-07-09 14:44:57.977628
58.85342413337683;3.147530297555783;ValidPool;unknown;1000;2025-07-09 14:44:57.977628
57.72292822699585;7.431510993822922;ValidPool;unknown;1000;2025-07-09 14:44:57.977628
67.23249555660566;0.12568910608353434;ValidPool;unknown;1000;2025-07-09 14:44:57.977628
65.38292997843294;-0.17179501925397656;ValidPool;unknown;1000;2025-07-09 14:44:57.977628
67.38002449372713;-1.9449598027983455;ValidPool;unknown;1000;2025-07-09 14:44:57.977628
65.29273929520024;-1.1113079133171135;ValidPool;unknown;1000;2025-07-09 14:44:57.977628
67.54130489274722;0.5712001359679668;ValidPool;unknown;1000;2025-07-09 14:44:57.977628
66.86182863237775;5.332461685528928;ValidPool;unknown;1000;2025-07-09 14:44:57.977628
61.400914439026764;-1.1125900846444474;ValidPool;unknown;1000;2025-07-09 14:44:57.977628
63.01632779304769;5.618814915777699;ValidPool;unknown;1000;2025-07-09 14:44:57.977628
66.73462301308356;6.168092090129337;ValidPool;unknown;1000;2025-07-09 14:44:57.977628
67.91018993851134;-0.9149194664314266;ValidPool;unknown;1000;2025-07-09 14:44:57.977628
65.75524997530329;4.714435485143097;ValidPool;unknown;1000;2025-07-09 14:44:57.977628
63.3831386732384;1.3956783005143731;ValidPool;unknown;1000;2025-07-09 14:44:57.977628
61.35078296563075;-2.7649097527188466;ValidPool;unknown;1000;2025-07-09 14:44:57.977628
62.72477572011266;-1.5147191711603398;ValidPool;unknown;1000;2025-07-09 14:44:57.977628
63.79583939974172;6.682633045834516;ValidPool;unknown;1000;2025-07-09 14:44:57.977628
64.31008416818244;4.781934790091837;ValidPool;unknown;1000;2025-07-09 14:44:57.977628
63.37908980235309;2.818060572017496;ValidPool;unknown;1000;2025-07-09 14:44:57.977628
63.38699825599209;6.5550255634716805;ValidPool;unknown;1000;2025-07-09 14:44:57.977628
60.057592040538296;3.580280706388485;ValidPool;unknown;1000;2025-07-09 14:44:57.977628
65.41323934704579;2.330705360765655;ValidPool;unknown;1000;2025-07-09 14:44:57.977628
57.855942555476;-2.3158220690201494;ValidPool;unknown;1000;2025-07-09 14:44:57.977628
65.92808381025877;2.774057364485975;ValidPool;unknown;1000;2025-07-09 14:44:57.977628
64.37151040102147;-1.5913264006786496;ValidPool;unknown;1000;2025-07-09 14:44:57.977628
65.07186155418938;6.503674253027997;ValidPool;unknown;1000;2025-07-09 14:44:57.977628
58.97598911339342;3.3891534083022212;ValidPool;unknown;1000;2025-07-09 14:44:57.977628
63.649959548162926;4.5311692023515455;ValidPool;unknown;1000;2025-07-09 14:44:57.977628
63.225491095702;6.685725108908372;ValidPool;unknown;1000;2025-07-09 14:44:57.977628
60.23470120529239;1.360057062523126;ValidPool;unknown;1000;2025-07-09 14:44:57.977628
65.22599158670533;6.1907085357479605;ValidPool;unknown;1000;2025-07-09 14:44:57.977628
60.820019484999996;3.986842275302617;ValidPool;unknown;1000;2025-07-09 14:44:57.977628
61.70538878672653;-2.2582038970340133;ValidPool;unknown;1000;2025-07-09 14:44:57.977628
65.93664724944279;-2.9880698085681314;ValidPool;unknown;1000;2025-07-09 14:44:57.977628
67.46148956346636;1.36367749372373;ValidPool;unknown;1000;2025-07-09 14:44:57.977628
58.29620915852607;2.702667551150054;ValidPool;unknown;1000;2025-07-09 14:44:57.977628
68.0431956822728;-1.833986365272503;ValidPool;unknown;1000;2025-07-09 14:44:57.977628
66.44323986832454;3.713861814941208;ValidPool;unknown;1000;2025-07-09 14:44:57.977628
67.41801370317384;-0.6953235596826448;ValidPool;unknown;1000;2025-07-09 14:44:57.977628
60.7713847924937;2.8829936296523946;ValidPool;unknown;1000;2025-07-09 14:44:57.977628
63.92496154409699;4.139795509113666;ValidPool;unknown;1000;2025-07-09 14:44:57.977628
67.87476285440738;-1.905624666386026;ValidPool;unknown;1000;2025-07-09 14:44:57.977628
64.1140483301522;-1.902299434762273;ValidPool;unknown;1000;2025-07-09 14:44:57.977628
63.73975972281945;3.544629995998576;ValidPool;unknown;1000;2025-07-09 14:44:57.977628
61.00480766977312;0.19581462140853612;ValidPool;unknown;1000;2025-07-09 14:44:57.977628
67.15431077340297;-2.618977216417385;ValidPool;unknown;1000;2025-07-09 14:44:57.977628
58.09063281880331;-0.39929345912558745;ValidPool;unknown;1000;2025-07-09 14:44:57.977628
61.63187614101325;1.1998448723504693;ValidPool;unknown;1000;2025-07-09 14:44:57.977628
60.76221143148975;2.3070220593671915;ValidPool;unknown;1000;2025-07-09 14:44:57.977628
63.091520746639475;1.9237792055413139;ValidPool;unknown;1000;2025-07-09 14:44:57.977628
62.44947454516405;5.203871121738176;ValidPool;unknown;1000;2025-07-09 14:44:57.977628
65.94279313792558;4.21938266141567;ValidPool;unknown;1000;2025-07-09 14:44:57.977628
64.64453151236977;3.428568034532527;ValidPool;unknown;1000;2025-07-09 14:44:57.977628
64.27963778739328;6.631795261091243;ValidPool;unknown;1000;2025-07-09 14:44:57.977628
59.42399037471356;0.34791527973081937;ValidPool;unknown;1000;2025-07-09 14:44:57.977628
61.59036098670585;-1.945578214897982;ValidPool;unknown;1000;2025-07-09 14:44:57.977628
63.72372413855094;0.6730457108373793;ValidPool;unknown;1000;2025-07-09 14:44:57.977628
67.75564621350736;4.36545918013983;ValidPool;unknown;1000;2025-07-09 14:44:57.977628
66.52048822188264;2.5803128113484948;ValidPool;unknown;1000;2025-07-09 14:44:57.977628
63.11731571459433;2.3597559998603246;ValidPool;unknown;1000;2025-07-09 14:44:57.977628
57.71296222107571;7.377541373240298;ValidPool;unknown;1000;2025-07-09 14:44:57.977628
65.42426505844894;3.718776396402941;ValidPool;unknown;1000;2025-07-09 14:44:57.977628
66.4471399237568;-2.021724943063762;ValidPool;unknown;1000;2025-07-09 14:44:57.977628
63.89407449264715;1.1555439056151164;ValidPool;unknown;1000;2025-07-09 14:44:57.977628
63.590537407067;0.024037775999833588;ValidPool;unknown;1000;2025-07-09 14:44:57.977628
65.29369788530656;0.09282174642007757;ValidPool;unknown;1000;2025-07-09 14:44:57.977628
63.65703551577069;-0.4552371839755853;ValidPool;unknown;1000;2025-07-09 14:44:57.977628
63.79281659438688;5.54606865020661;ValidPool;unknown;1000;2025-07-09 14:44:57.977628
63.25285129569127;2.1471207867843902;ValidPool;unknown;1000;2025-07-09 14:44:57.977628
59.367768164346444;2.236821651303243;ValidPool;unknown;1000;2025-07-09 14:44:57.977628
59.945879020588784;1.911748028998764;ValidPool;unknown;1000;2025-07-09 14:44:57.977628
66.51105394420529;7.052081486620418;ValidPool;unknown;1000;2025-07-09 14:44:57.977628
65.16965415797073;2.794389329132826;ValidPool;unknown;1000;2025-07-09 14:44:57.977628
60.02098791314701;-2.7725642882855266;ValidPool;unknown;1000;2025-07-09 14:44:57.977628
57.75821503064385;-1.5228047824742807;ValidPool;unknown;1000;2025-07-09 14:44:57.977628
59.209211039607936;-0.02393124626181109;ValidPool;unknown;1000;2025-07-09 14:44:57.977628
63.4768430892795;7.2412713619545315;ValidPool;unknown;1000;2025-07-09 14:44:57.977628
61.585412619247094;-1.1240836275329293;ValidPool;unknown;1000;2025-07-09 14:44:57.977628
60.46757624840198;0.9118716547397141;ValidPool;unknown;1000;2025-07-09 14:44:57.977628
67.69421406793373;-2.684022095773448;ValidPool;unknown;1000;2025-07-09 14:44:57.977628
60.42566719467746;1.5004019618026887;ValidPool;unknown;1000;2025-07-09 14:44:57.977628
60.006722493156396;4.3244240294160985;ValidPool;unknown;1000;2025-07-09 14:44:57.977628
58.14972381399143;3.0909634017936862;ValidPool;unknown;1000;2025-07-09 14:44:57.977628
67.19778459475201;-0.4827308450289065;ValidPool;unknown;1000;2025-07-09 14:44:57.977628
63.361024300249596;-1.2327906992716318;ValidPool;unknown;1000;2025-07-09 14:44:57.977628
65.8479029308782;6.483782809821681;ValidPool;unknown;1000;2025-07-09 14:44:57.977628
59.259856425509064;-1.0781518363637606;ValidPool;unknown;1000;2025-07-09 14:44:57.977628
57.724917627026976;6.8099270961252145;ValidPool;unknown;1000;2025-07-09 14:44:57.977628
61.04539029054736;-0.37898667105585826;ValidPool;unknown;1000;2025-07-09 14:44:57.977628
57.70420998047774;4.220039243054588;ValidPool;unknown;1000;2025-07-09 14:44:57.977628
63.6732637119635;-2.761317685861729;ValidPool;unknown;1000;2025-07-09 14:44:57.977628
61.84006717205011;2.5839450878002626;ValidPool;unknown;1000;2025-07-09 14:44:57.977628
63.30651816939118;-1.3068193680428524;ValidPool;unknown;1000;2025-07-09 14:44:57.977628
66.04947579666776;7.393473928541097;ValidPool;unknown;1000;2025-07-09 14:44:57.977628
68.16474534352632;0.006496143527343623;ValidPool;unknown;1000;2025-07-09 14:44:57.977628
63.02728395271892;4.299912872741171;ValidPool;unknown;1000;2025-07-09 14:44:57.977628
57.85774487236787;-2.9171270456902842;ValidPool;unknown;1000;2025-07-09 14:44:57.977628
60.098375177255846;2.2597274424264406;ValidPool;unknown;1000;2025-07-09 14:44:57.977628
63.7520256979732;6.019895582605205;ValidPool;unknown;1000;2025-07-09 14:44:57.977628
65.66644742116421;1.7663802321146087;ValidPool;unknown;1000;2025-07-09 14:44:57.977628
58.183053494188854;2.3792687849223575;ValidPool;unknown;1000;2025-07-09 14:44:57.977628
62.35777487321019;-2.567459696353461;ValidPool;unknown;1000;2025-07-09 14:44:57.977628
63.5631718887648;-1.6121292518594752;ValidPool;unknown;1000;2025-07-09 14:44:57.977628
64.18726856663535;1.1884072951306233;ValidPool;unknown;1000;2025-07-09 14:44:57.977628
67.20522563815717;4.887394941541601;ValidPool;unknown;1000;2025-07-09 14:44:57.977628
61.50464263446037;-2.3133858794752173;ValidPool;unknown;1000;2025-07-09 14:44:57.977628
67.87317979391263;6.898437023687794;ValidPool;unknown;1000;2025-07-09 14:44:57.977628
63.87355624628593;1.271318446004487;ValidPool;unknown;1000;2025-07-09 14:44:57.977628
62.936045405939254;4.6212114278449565;ValidPool;unknown;1000;2025-07-09 14:44:57.977628
67.00656690178856;6.278186595440726;ValidPool;unknown;1000;2025-07-09 14:44:57.977628
63.45891587052597;6.896720905145232;ValidPool;unknown;1000;2025-07-09 14:44:57.977628
68.23595771296625;2.791604395054708;ValidPool;unknown;1000;2025-07-09 14:44:57.977628
58.43164186751829;2.2670337539026426;ValidPool;unknown;1000;2025-07-09 14:44:57.977628
60.11344708587418;-3.0520132052740663;ValidPool;unknown;1000;2025-07-09 14:44:57.977628
58.797090818554494;4.0431161423711774;ValidPool;unknown;1000;2025-07-09 14:44:57.977628
67.13074734455607;-0.5391058801536723;ValidPool;unknown;1000;2025-07-09 14:44:57.977628
60.22080784062633;1.1779516802673347;ValidPool;unknown;1000;2025-07-09 14:44:57.977628
65.2906278349156;-2.3021728918216495;ValidPool;unknown;1000;2025-07-09 14:44:57.977628
61.375556118211726;0.3294942877111775;ValidPool;unknown;1000;2025-07-09 14:44:57.977628
63.470164717673335;-2.9553036123165493;ValidPool;unknown;1000;2025-07-09 14:44:57.977628
65.57285265927405;3.716181944997952;ValidPool;unknown;1000;2025-07-09 14:44:57.977628
60.5410959482274;3.5802837544953037;ValidPool;unknown;1000;2025-07-09 14:44:57.977628
64.99538479204213;3.8343263061001376;ValidPool;unknown;1000;2025-07-09 14:44:57.977628
62.03205522346468;1.0441697020048326;ValidPool;unknown;1000;2025-07-09 14:44:57.977628
63.81869801345123;2.4588970668593846;ValidPool;unknown;1000;2025-07-09 14:44:57.977628
67.42105819872015;3.7401118782091163;ValidPool;unknown;1000;2025-07-09 14:44:57.977628
62.78278066890475;1.2645411003509799;ValidPool;unknown;1000;2025-07-09 14:44:57.977628
