Rundvekt;CatchLat;CatchLon;Location;Date
12000.0;67.555;12.845;(67.555, 12.845);2019-06-19
6000.0;67.65;12.8;(67.65, 12.8);2019-06-20
9000.0;67.542;13.031;(67.542, 13.031);2019-06-20
4000.0;67.956;13.401;(67.956, 13.401);2019-06-21
4000.0;67.947;13.695;(67.947, 13.695);2019-06-21
15000.0;67.651;13.071;(67.651, 13.071);2019-06-23
35000.0;67.781;13.156;(67.781, 13.156);2019-06-28
37000.0;67.848;13.267;(67.848, 13.267);2019-06-28
25000.0;67.934;13.428;(67.934, 13.428);2019-06-29
25000.0;67.883;13.362;(67.883, 13.362);2019-06-29
20000.0;67.778;13.188;(67.778, 13.188);2019-06-30
14000.0;67.985;13.95;(67.985, 13.95);2019-07-01
12000.0;67.853;13.281;(67.853, 13.281);2019-07-02
24000.0;67.933;13.651;(67.933, 13.651);2019-07-02
10000.0;67.917;13.567;(67.917, 13.567);2019-07-02
8000.0;67.918;13.6;(67.918, 13.6);2019-07-02
6000.0;67.952;13.867;(67.952, 13.867);2019-07-02
5000.0;67.984;13.95;(67.984, 13.95);2019-07-02
8000.0;67.787;13.481;(67.787, 13.481);2019-07-03
7000.0;67.59;12.881;(67.59, 12.881);2019-07-03
23000.0;67.602;13.099;(67.602, 13.099);2019-07-04
36000.0;67.652;13.142;(67.652, 13.142);2019-07-04
50000.0;67.618;13.48;(67.618, 13.48);2019-07-05
50000.0;67.582;13.549;(67.582, 13.549);2019-07-05
44000.0;67.598;12.704;(67.598, 12.704);2019-07-06
15000.0;67.642;13.47;(67.642, 13.47);2019-07-06
45000.0;67.62;13.535;(67.62, 13.535);2019-07-07
2000.0;67.196;12.387;(67.196, 12.387);2020-06-14
2000.0;67.359;12.813;(67.359, 12.813);2020-06-15
6000.0;67.324;12.837;(67.324, 12.837);2020-06-15
3000.0;67.257;12.68;(67.257, 12.68);2020-06-15
4000.0;67.427;12.99;(67.427, 12.99);2020-06-16
13000.0;67.892;13.172;(67.892, 13.172);2020-06-17
4000.0;67.928;13.372;(67.928, 13.372);2020-06-17
4000.0;68.098;14.194;(68.098, 14.194);2020-06-17
15000.0;68.113;14.27;(68.113, 14.27);2020-06-17
4000.0;68.08;14.175;(68.08, 14.175);2020-06-20
1500.0;68.056;14.094;(68.056, 14.094);2020-06-20
14000.0;67.967;13.35;(67.967, 13.35);2020-06-20
16000.0;67.767;13.283;(67.767, 13.283);2020-06-21
11500.0;68.046;13.878;(68.046, 13.878);2020-06-21
35000.0;67.567;12.817;(67.567, 12.817);2020-06-21
6000.0;67.55;13.0;(67.55, 13.0);2020-06-21
25000.0;67.533;13.083;(67.533, 13.083);2020-06-22
10000.0;67.467;13.133;(67.467, 13.133);2020-06-22
16000.0;67.633;12.967;(67.633, 12.967);2020-06-22
11000.0;67.633;12.8;(67.633, 12.8);2020-06-23
9000.0;67.55;13.083;(67.55, 13.083);2020-06-23
7000.0;67.95;12.417;(67.95, 12.417);2020-06-24
6000.0;67.767;13.4;(67.767, 13.4);2020-06-24
16000.0;67.833;13.417;(67.833, 13.417);2020-06-25
12000.0;67.786;13.597;(67.786, 13.597);2020-06-26
25000.0;67.883;13.4;(67.883, 13.4);2020-06-26
5000.0;67.883;13.367;(67.883, 13.367);2020-06-26
10000.0;67.75;13.667;(67.75, 13.667);2020-06-26
20000.0;67.717;13.633;(67.717, 13.633);2020-06-26
20000.0;67.933;13.333;(67.933, 13.333);2020-06-26
20000.0;67.933;13.283;(67.933, 13.283);2020-06-26
5000.0;67.5;13.067;(67.5, 13.067);2020-06-28
10000.0;67.633;12.783;(67.633, 12.783);2020-06-28
32000.0;67.635;12.753;(67.635, 12.753);2020-06-28
18000.0;67.483;12.983;(67.483, 12.983);2020-06-29
14000.0;67.483;13.1;(67.483, 13.1);2020-06-29
19000.0;67.65;12.85;(67.65, 12.85);2020-06-30
8000.0;67.7;12.95;(67.7, 12.95);2020-07-01
20000.0;67.733;13.017;(67.733, 13.017);2020-07-01
13000.0;67.75;13.1;(67.75, 13.1);2020-07-01
30000.0;67.7;12.933;(67.7, 12.933);2020-07-01
30000.0;67.683;12.967;(67.683, 12.967);2020-07-01
25000.0;67.65;12.883;(67.65, 12.883);2020-07-02
10000.0;67.583;12.783;(67.583, 12.783);2020-07-02
13000.0;67.517;12.917;(67.517, 12.917);2020-07-02
10000.0;67.667;13.3;(67.667, 13.3);2020-07-03
18000.0;67.633;13.3;(67.633, 13.3);2020-07-03
20000.0;67.517;13.033;(67.517, 13.033);2020-07-03
35000.0;67.517;13.033;(67.517, 13.033);2020-07-03
15000.0;67.567;12.883;(67.567, 12.883);2020-07-04
8000.0;67.717;13.333;(67.717, 13.333);2020-07-05
10000.0;68.667;14.35;(68.667, 14.35);2021-06-20
40000.0;68.667;14.367;(68.667, 14.367);2021-06-20
95000.0;68.667;14.283;(68.667, 14.283);2021-06-20
52000.0;68.667;14.283;(68.667, 14.283);2021-06-20
14000.0;68.988;14.964;(68.988, 14.964);2021-06-20
27000.0;68.683;14.283;(68.683, 14.283);2021-06-20
20000.0;68.865;14.804;(68.865, 14.804);2021-06-20
27000.0;68.992;14.957;(68.992, 14.957);2021-06-20
25000.0;68.94;15.412;(68.94, 15.412);2021-06-21
15000.0;69.0;15.2;(69.0, 15.2);2021-06-23
44000.0;68.583;14.267;(68.583, 14.267);2021-06-23
5000.0;67.717;12.817;(67.717, 12.817);2021-06-24
40000.0;68.95;14.917;(68.95, 14.917);2021-06-24
15000.0;68.95;14.933;(68.95, 14.933);2021-06-24
10000.0;68.95;14.933;(68.95, 14.933);2021-06-24
10000.0;68.95;14.917;(68.95, 14.917);2021-06-24
12000.0;68.933;14.967;(68.933, 14.967);2021-06-24
4000.0;68.933;14.867;(68.933, 14.867);2021-06-24
50000.0;68.617;14.367;(68.617, 14.367);2021-06-24
17000.0;68.592;14.346;(68.592, 14.346);2021-06-25
3000.0;68.602;14.339;(68.602, 14.339);2021-06-25
5000.0;68.596;14.333;(68.596, 14.333);2021-06-25
12000.0;68.6;14.55;(68.6, 14.55);2021-06-25
6000.0;68.467;14.283;(68.467, 14.283);2021-06-25
28000.0;68.8;14.433;(68.8, 14.433);2021-06-25
15000.0;68.933;14.933;(68.933, 14.933);2021-06-25
18000.0;68.6;14.35;(68.6, 14.35);2021-06-25
49000.0;68.6;14.4;(68.6, 14.4);2021-06-25
6000.0;68.533;14.317;(68.533, 14.317);2021-06-26
6000.0;68.45;14.633;(68.45, 14.633);2021-06-26
23000.0;68.433;14.617;(68.433, 14.617);2021-06-26
7000.0;68.45;14.717;(68.45, 14.717);2021-06-26
4000.0;68.45;14.733;(68.45, 14.733);2021-06-26
20000.0;68.95;14.933;(68.95, 14.933);2021-06-26
2000.0;68.933;14.9;(68.933, 14.9);2021-06-26
13000.0;68.933;14.967;(68.933, 14.967);2021-06-26
13000.0;68.486;14.818;(68.486, 14.818);2021-06-26
10000.0;68.467;14.4;(68.467, 14.4);2021-06-27
50000.0;68.917;15.317;(68.917, 15.317);2021-06-28
10000.0;68.44;14.983;(68.44, 14.983);2021-06-28
25000.0;68.452;14.851;(68.452, 14.851);2021-06-29
7000.0;68.52;15.191;(68.52, 15.191);2021-06-30
1500.0;68.953;14.973;(68.953, 14.973);2021-07-02
9000.0;68.133;13.033;(68.133, 13.033);2021-07-02
10000.0;68.083;12.95;(68.083, 12.95);2021-07-02
28000.0;68.133;12.934;(68.133, 12.934);2021-07-02
14000.0;68.943;15.0;(68.943, 15.0);2021-07-02
14000.0;68.1;12.95;(68.1, 12.95);2021-07-02
12000.0;68.133;13.0;(68.133, 13.0);2021-07-02
7000.0;68.133;12.967;(68.133, 12.967);2021-07-02
8000.0;68.126;12.94;(68.126, 12.94);2021-07-02
4500.0;68.105;12.868;(68.105, 12.868);2021-07-03
6000.0;68.567;14.417;(68.567, 14.417);2021-07-04
10000.0;68.583;14.367;(68.583, 14.367);2021-07-04
24000.0;68.586;14.472;(68.586, 14.472);2021-07-04
10000.0;68.557;14.453;(68.557, 14.453);2021-07-04
35000.0;68.467;14.405;(68.467, 14.405);2021-07-04
25000.0;68.464;14.408;(68.464, 14.408);2021-07-04
25000.0;68.45;14.167;(68.45, 14.167);2021-07-04
7000.0;68.6;14.6;(68.6, 14.6);2021-07-04
20000.0;68.467;14.0;(68.467, 14.0);2021-07-04
20000.0;68.45;14.0;(68.45, 14.0);2021-07-04
40000.0;68.617;14.65;(68.617, 14.65);2021-07-04
41000.0;68.6;14.583;(68.6, 14.583);2021-07-04
12000.0;68.583;14.517;(68.583, 14.517);2021-07-04
20000.0;68.45;14.15;(68.45, 14.15);2021-07-04
138000.0;68.617;14.667;(68.617, 14.667);2021-07-05
2000.0;68.567;14.283;(68.567, 14.283);2021-07-05
6000.0;68.433;14.083;(68.433, 14.083);2021-07-05
60000.0;68.616;14.647;(68.616, 14.647);2021-07-05
65000.0;68.66;14.807;(68.66, 14.807);2021-07-05
70000.0;68.417;14.367;(68.417, 14.367);2021-07-05
11800.0;67.75;12.933;(67.75, 12.933);2021-07-05
110000.0;67.7;12.833;(67.7, 12.833);2021-07-06
15000.0;68.483;14.283;(68.483, 14.283);2021-07-06
16000.0;68.5;14.35;(68.5, 14.35);2021-07-06
20000.0;68.567;14.333;(68.567, 14.333);2021-07-06
20000.0;68.533;14.35;(68.533, 14.35);2021-07-06
20000.0;68.35;13.683;(68.35, 13.683);2021-07-06
6000.0;68.305;13.5;(68.305, 13.5);2021-07-06
6000.0;68.3;13.467;(68.3, 13.467);2021-07-06
32000.0;67.904;12.741;(67.904, 12.741);2021-07-07
85000.0;67.883;12.7;(67.883, 12.7);2021-07-07
25000.0;67.85;12.717;(67.85, 12.717);2021-07-07
25000.0;67.8;12.767;(67.8, 12.767);2021-07-07
80000.0;67.9;12.717;(67.9, 12.717);2021-07-07
20000.0;68.05;12.85;(68.05, 12.85);2021-07-07
25000.0;67.85;12.733;(67.85, 12.733);2021-07-07
42000.0;67.528;12.628;(67.528, 12.628);2021-07-09
30000.0;67.4;12.583;(67.4, 12.583);2021-07-09
50000.0;67.35;12.567;(67.35, 12.567);2021-07-09
10000.0;67.383;12.517;(67.383, 12.517);2021-07-09
124.0;66.3;11.433;(66.3, 11.433);2021-07-10
25000.0;67.567;13.417;(67.567, 13.417);2021-07-10
25000.0;67.55;13.517;(67.55, 13.517);2021-07-10
300.0;66.317;10.683;(66.317, 10.683);2021-07-10
35000.0;67.9;13.35;(67.9, 13.35);2021-07-11
48.0;66.433;8.183;(66.433, 8.183);2021-07-11
6000.0;68.817;15.417;(68.817, 15.417);2021-07-12
1500.0;68.15;9.033;(68.15, 9.033);2021-07-14
350.0;68.083;11.7;(68.083, 11.7);2021-07-14
11000.0;67.7;13.15;(67.7, 13.15);2021-07-14
300.0;67.2;13.2;(67.2, 13.2);2021-07-15
700.0;67.8;14.033;(67.8, 14.033);2021-07-16
850.0;67.583;13.167;(67.583, 13.167);2021-07-16
1.0;67.233;12.333;(67.233, 12.333);2021-07-16
1.0;67.2;11.7;(67.2, 11.7);2021-07-16
1.0;67.267;9.467;(67.267, 9.467);2021-07-16
1412.0;68.967;10.517;(68.967, 10.517);2021-07-19
88.0;68.967;10.517;(68.967, 10.517);2021-07-19
1150.0;68.967;7.7;(68.967, 7.7);2021-07-20
1500.0;67.667;9.15;(67.667, 9.15);2021-07-26
22000.0;67.667;9.15;(67.667, 9.15);2021-07-26
2100.0;67.567;9.017;(67.567, 9.017);2021-07-26
20000.0;67.383;8.383;(67.383, 8.383);2021-07-26
1000.0;67.383;8.383;(67.383, 8.383);2021-07-26
58000.0;67.567;9.017;(67.567, 9.017);2021-07-26
8000.0;68.167;14.483;(68.167, 14.483);2021-07-28
290000.0;67.567;12.65;(67.567, 12.65);2021-08-11
55000.0;68.717;17.417;(68.717, 17.417);2021-08-13
7000.0;68.563;14.243;(68.563, 14.243);2022-06-12
5000.0;68.461;13.876;(68.461, 13.876);2022-06-12
8000.0;68.567;14.317;(68.567, 14.317);2022-06-13
10000.0;68.45;14.05;(68.45, 14.05);2022-06-13
3500.0;68.539;14.401;(68.539, 14.401);2022-06-14
1500.0;68.587;14.378;(68.587, 14.378);2022-06-14
17000.0;68.633;14.135;(68.633, 14.135);2022-06-14
8000.0;67.55;13.217;(67.55, 13.217);2022-06-14
9000.0;67.47;12.702;(67.47, 12.702);2022-06-15
12000.0;67.87;13.423;(67.87, 13.423);2022-06-15
7000.0;67.833;13.467;(67.833, 13.467);2022-06-15
7000.0;67.867;13.65;(67.867, 13.65);2022-06-15
1000.0;68.033;13.917;(68.033, 13.917);2022-06-15
5000.0;68.017;13.883;(68.017, 13.883);2022-06-15
8000.0;68.083;12.9;(68.083, 12.9);2022-06-15
5000.0;67.86;13.415;(67.86, 13.415);2022-06-15
4000.0;67.509;12.786;(67.509, 12.786);2022-06-15
300.0;67.933;13.917;(67.933, 13.917);2022-06-15
20000.0;67.567;12.983;(67.567, 12.983);2022-06-15
10000.0;67.533;12.95;(67.533, 12.95);2022-06-15
1500.0;67.511;12.811;(67.511, 12.811);2022-06-15
10000.0;68.083;12.9;(68.083, 12.9);2022-06-15
9000.0;67.5;12.95;(67.5, 12.95);2022-06-15
18000.0;67.517;12.783;(67.517, 12.783);2022-06-15
6000.0;67.534;12.903;(67.534, 12.903);2022-06-15
4000.0;67.283;12.717;(67.283, 12.717);2022-06-16
8000.0;67.517;12.817;(67.517, 12.817);2022-06-16
6000.0;67.633;12.717;(67.633, 12.717);2022-06-16
8000.0;67.517;12.9;(67.517, 12.9);2022-06-16
2000.0;67.45;12.9;(67.45, 12.9);2022-06-16
500.0;67.348;12.78;(67.348, 12.78);2022-06-16
2000.0;67.533;12.9;(67.533, 12.9);2022-06-16
6000.0;67.55;12.883;(67.55, 12.883);2022-06-16
1500.0;67.287;12.656;(67.287, 12.656);2022-06-16
5000.0;67.433;12.883;(67.433, 12.883);2022-06-16
2000.0;67.921;13.574;(67.921, 13.574);2022-06-16
1500.0;67.283;12.633;(67.283, 12.633);2022-06-16
2000.0;67.25;13.017;(67.25, 13.017);2022-06-16
24000.0;67.433;12.617;(67.433, 12.617);2022-06-16
6000.0;67.295;12.712;(67.295, 12.712);2022-06-16
6000.0;67.383;12.9;(67.383, 12.9);2022-06-16
4000.0;67.3;12.767;(67.3, 12.767);2022-06-16
2000.0;67.317;12.55;(67.317, 12.55);2022-06-16
7000.0;67.317;12.45;(67.317, 12.45);2022-06-16
800.0;67.3;12.715;(67.3, 12.715);2022-06-16
10000.0;67.667;12.933;(67.667, 12.933);2022-06-17
28000.0;68.117;13.017;(68.117, 13.017);2022-06-17
2000.0;68.458;14.13;(68.458, 14.13);2022-06-17
5000.0;68.465;14.174;(68.465, 14.174);2022-06-17
10000.0;68.538;14.376;(68.538, 14.376);2022-06-17
36000.0;68.05;12.967;(68.05, 12.967);2022-06-17
6500.0;68.183;13.117;(68.183, 13.117);2022-06-17
6500.0;68.167;13.067;(68.167, 13.067);2022-06-17
14000.0;68.471;14.13;(68.471, 14.13);2022-06-17
20000.0;68.167;13.067;(68.167, 13.067);2022-06-17
10000.0;67.533;13.0;(67.533, 13.0);2022-06-17
12000.0;68.474;14.139;(68.474, 14.139);2022-06-17
2000.0;67.651;12.955;(67.651, 12.955);2022-06-17
17000.0;67.667;13.35;(67.667, 13.35);2022-06-17
10000.0;67.683;13.267;(67.683, 13.267);2022-06-17
7000.0;67.617;12.733;(67.617, 12.733);2022-06-17
5000.0;68.15;12.983;(68.15, 12.983);2022-06-17
19000.0;68.167;13.083;(68.167, 13.083);2022-06-17
7000.0;67.517;12.8;(67.517, 12.8);2022-06-17
5000.0;67.55;12.7;(67.55, 12.7);2022-06-17
10000.0;68.8;14.483;(68.8, 14.483);2022-06-18
35000.0;68.673;14.351;(68.673, 14.351);2022-06-18
3000.0;68.87;14.75;(68.87, 14.75);2022-06-18
10000.0;68.583;14.133;(68.583, 14.133);2022-06-18
12000.0;68.775;14.423;(68.775, 14.423);2022-06-18
15000.0;68.6;14.267;(68.6, 14.267);2022-06-18
2000.0;68.35;13.617;(68.35, 13.617);2022-06-18
5000.0;68.598;14.254;(68.598, 14.254);2022-06-18
70000.0;68.65;14.15;(68.65, 14.15);2022-06-18
17500.0;68.717;14.4;(68.717, 14.4);2022-06-18
9300.0;68.6;14.217;(68.6, 14.217);2022-06-18
9000.0;68.7;14.317;(68.7, 14.317);2022-06-18
33000.0;68.383;13.833;(68.383, 13.833);2022-06-18
14000.0;68.233;13.3;(68.233, 13.3);2022-06-18
75000.0;68.367;13.767;(68.367, 13.767);2022-06-18
16000.0;68.133;13.033;(68.133, 13.033);2022-06-18
10000.0;68.667;14.317;(68.667, 14.317);2022-06-18
4000.0;69.0;14.983;(69.0, 14.983);2022-06-19
2500.0;68.95;14.833;(68.95, 14.833);2022-06-19
10000.0;68.65;14.783;(68.65, 14.783);2022-06-19
5300.0;68.733;14.383;(68.733, 14.383);2022-06-19
47000.0;68.6;14.55;(68.6, 14.55);2022-06-19
3000.0;68.9;14.733;(68.9, 14.733);2022-06-19
10000.0;68.567;14.317;(68.567, 14.317);2022-06-21
5000.0;68.517;14.283;(68.517, 14.283);2022-06-21
12000.0;67.05;13.4;(67.05, 13.4);2022-06-21
10000.0;67.033;13.05;(67.033, 13.05);2022-06-22
10000.0;67.017;13.05;(67.017, 13.05);2022-06-22
12000.0;67.0;13.167;(67.0, 13.167);2022-06-22
21000.0;67.0;13.183;(67.0, 13.183);2022-06-22
19000.0;67.0;13.183;(67.0, 13.183);2022-06-22
1500.0;67.917;13.6;(67.917, 13.6);2022-06-22
1500.0;67.933;13.75;(67.933, 13.75);2022-06-22
9000.0;67.967;13.767;(67.967, 13.767);2022-06-22
6000.0;68.633;14.683;(68.633, 14.683);2022-06-22
4000.0;67.917;13.667;(67.917, 13.667);2022-06-22
35000.0;67.05;13.15;(67.05, 13.15);2022-06-22
3800.0;67.95;13.683;(67.95, 13.683);2022-06-22
5500.0;67.917;13.633;(67.917, 13.633);2022-06-22
3000.0;67.933;13.633;(67.933, 13.633);2022-06-22
2000.0;67.957;13.74;(67.957, 13.74);2022-06-22
5500.0;68.611;14.582;(68.611, 14.582);2022-06-22
5000.0;67.967;13.783;(67.967, 13.783);2022-06-22
5000.0;66.983;12.883;(66.983, 12.883);2022-06-24
18000.0;67.019;13.228;(67.019, 13.228);2022-06-24
17500.0;67.017;13.267;(67.017, 13.267);2022-06-24
23500.0;66.94;13.253;(66.94, 13.253);2022-06-24
6000.0;67.017;13.25;(67.017, 13.25);2022-06-24
2000.0;68.0;13.717;(68.0, 13.717);2022-06-24
700.0;67.017;13.25;(67.017, 13.25);2022-06-24
9000.0;67.033;13.6;(67.033, 13.6);2022-06-25
17000.0;67.017;13.6;(67.017, 13.6);2022-06-25
25000.0;67.024;13.212;(67.024, 13.212);2022-06-25
5000.0;67.8;13.1;(67.8, 13.1);2022-06-25
3000.0;67.85;13.45;(67.85, 13.45);2022-06-25
30000.0;66.902;13.334;(66.902, 13.334);2022-06-25
3500.0;67.0;13.75;(67.0, 13.75);2022-06-25
8700.0;67.0;12.75;(67.0, 12.75);2022-06-25
43000.0;67.033;13.583;(67.033, 13.583);2022-06-25
5000.0;67.8;13.067;(67.8, 13.067);2022-06-25
1000.0;67.8;13.05;(67.8, 13.05);2022-06-26
5000.0;66.983;13.05;(66.983, 13.05);2022-06-26
20000.0;66.95;13.183;(66.95, 13.183);2022-06-26
29000.0;66.983;13.067;(66.983, 13.067);2022-06-26
3000.0;67.767;13.05;(67.767, 13.05);2022-06-26
5000.0;67.8;13.117;(67.8, 13.117);2022-06-26
5000.0;67.029;13.186;(67.029, 13.186);2022-06-26
4000.0;67.817;13.4;(67.817, 13.4);2022-06-26
5000.0;67.85;13.35;(67.85, 13.35);2022-06-26
4000.0;67.027;13.133;(67.027, 13.133);2022-06-26
1500.0;67.025;13.139;(67.025, 13.139);2022-06-26
5000.0;67.867;13.4;(67.867, 13.4);2022-06-26
15000.0;68.483;14.417;(68.483, 14.417);2022-06-27
5000.0;68.483;14.45;(68.483, 14.45);2022-06-27
21000.0;67.003;13.056;(67.003, 13.056);2022-06-27
5000.0;68.483;14.45;(68.483, 14.45);2022-06-27
6000.0;68.683;14.45;(68.683, 14.45);2022-06-27
9000.0;68.683;14.45;(68.683, 14.45);2022-06-27
16000.0;67.023;13.224;(67.023, 13.224);2022-06-27
8000.0;68.483;14.4;(68.483, 14.4);2022-06-28
5000.0;68.517;15.017;(68.517, 15.017);2022-06-28
3000.0;68.417;13.867;(68.417, 13.867);2022-06-28
8000.0;67.3;13.533;(67.3, 13.533);2022-06-28
7000.0;68.517;14.317;(68.517, 14.317);2022-06-28
15000.0;68.617;14.633;(68.617, 14.633);2022-06-28
8000.0;68.433;14.183;(68.433, 14.183);2022-06-29
7500.0;67.333;13.567;(67.333, 13.567);2022-06-29
11000.0;67.092;13.705;(67.092, 13.705);2022-06-30
2000.0;68.617;14.35;(68.617, 14.35);2022-06-30
3000.0;68.6;14.35;(68.6, 14.35);2022-06-30
4500.0;67.317;13.55;(67.317, 13.55);2022-06-30
27000.0;67.017;13.55;(67.017, 13.55);2022-06-30
25000.0;67.017;13.55;(67.017, 13.55);2022-06-30
3000.0;68.6;14.4;(68.6, 14.4);2022-07-01
5000.0;68.567;14.35;(68.567, 14.35);2022-07-01
9000.0;67.033;13.567;(67.033, 13.567);2022-07-01
1000.0;67.026;13.552;(67.026, 13.552);2022-07-01
4000.0;68.517;14.233;(68.517, 14.233);2022-07-01
5000.0;68.567;14.4;(68.567, 14.4);2022-07-01
5000.0;68.583;14.383;(68.583, 14.383);2022-07-01
5000.0;67.317;13.567;(67.317, 13.567);2022-07-02
5000.0;68.134;13.112;(68.134, 13.112);2022-07-02
4000.0;67.942;12.814;(67.942, 12.814);2022-07-03
10000.0;67.91;12.796;(67.91, 12.796);2022-07-03
5000.0;67.968;12.838;(67.968, 12.838);2022-07-03
3000.0;68.267;13.45;(68.267, 13.45);2022-07-10
10000.0;68.029;12.826;(68.029, 12.826);2022-07-10
1867.0;66.683;9.05;(66.683, 9.05);2022-07-16
3.0;66.683;9.05;(66.683, 9.05);2022-07-16
1854.0;67.583;10.7;(67.583, 10.7);2022-07-17
6.0;67.583;10.7;(67.583, 10.7);2022-07-17
1272.0;67.7;7.667;(67.7, 7.667);2022-07-17
36.0;67.7;7.667;(67.7, 7.667);2022-07-17
2.0;67.7;7.667;(67.7, 7.667);2022-07-17
22.0;68.9;9.25;(68.9, 9.25);2022-07-19
1.0;68.933;12.5;(68.933, 12.5);2022-07-19
14.0;68.933;12.5;(68.933, 12.5);2022-07-19
15.0;68.933;12.5;(68.933, 12.5);2022-07-19
22.0;68.9;9.25;(68.9, 9.25);2022-07-19
533.0;68.9;9.25;(68.9, 9.25);2022-07-19
72.0;68.933;12.5;(68.933, 12.5);2022-07-19
49000.0;68.583;10.933;(68.583, 10.933);2022-07-30
1000.0;68.583;10.933;(68.583, 10.933);2022-07-30
25000.0;68.7;11.25;(68.7, 11.25);2022-07-30
4000.0;68.7;11.25;(68.7, 11.25);2022-07-30
20000.0;68.65;11.217;(68.65, 11.217);2022-07-31
10000.0;68.564;14.226;(68.564, 14.226);2023-06-15
5000.0;68.583;14.433;(68.583, 14.433);2023-06-16
16000.0;68.605;14.142;(68.605, 14.142);2023-06-16
14000.0;68.601;14.088;(68.601, 14.088);2023-06-16
8500.0;68.613;14.015;(68.613, 14.015);2023-06-16
15000.0;68.58;14.152;(68.58, 14.152);2023-06-16
7500.0;68.582;13.96;(68.582, 13.96);2023-06-18
41500.0;68.539;13.683;(68.539, 13.683);2023-06-18
2000.0;68.55;13.55;(68.55, 13.55);2023-06-18
29000.0;68.538;13.672;(68.538, 13.672);2023-06-18
100.0;68.465;13.215;(68.465, 13.215);2023-06-19
11700.0;68.465;13.215;(68.465, 13.215);2023-06-19
4500.0;68.479;13.288;(68.479, 13.288);2023-06-19
4000.0;68.483;13.453;(68.483, 13.453);2023-06-19
2000.0;68.45;13.167;(68.45, 13.167);2023-06-19
4000.0;68.483;13.383;(68.483, 13.383);2023-06-19
21000.0;68.517;13.483;(68.517, 13.483);2023-06-19
7000.0;68.132;12.354;(68.132, 12.354);2023-06-19
5800.0;67.543;12.524;(67.543, 12.524);2023-06-20
720.0;67.541;12.435;(67.541, 12.435);2023-06-20
8000.0;67.616;12.74;(67.616, 12.74);2023-06-20
3000.0;68.5;13.833;(68.5, 13.833);2023-06-20
3000.0;68.283;13.233;(68.283, 13.233);2023-06-20
7500.0;67.531;12.363;(67.531, 12.363);2023-06-20
7000.0;68.083;12.783;(68.083, 12.783);2023-06-21
13000.0;68.133;12.817;(68.133, 12.817);2023-06-21
27000.0;67.432;12.733;(67.432, 12.733);2023-06-21
500.0;68.133;12.867;(68.133, 12.867);2023-06-21
18000.0;67.333;11.783;(67.333, 11.783);2023-06-21
20000.0;67.35;11.75;(67.35, 11.75);2023-06-22
18000.0;68.933;14.6;(68.933, 14.6);2023-06-23
15000.0;68.85;14.417;(68.85, 14.417);2023-06-23
15000.0;68.517;13.85;(68.517, 13.85);2023-06-23
4000.0;68.5;14.45;(68.5, 14.45);2023-06-23
3800.0;68.483;14.389;(68.483, 14.389);2023-06-23
2000.0;68.5;14.383;(68.5, 14.383);2023-06-23
3000.0;67.65;13.107;(67.65, 13.107);2023-06-24
5700.0;67.514;12.664;(67.514, 12.664);2023-06-24
200.0;67.514;12.664;(67.514, 12.664);2023-06-24
2000.0;68.533;14.45;(68.533, 14.45);2023-06-24
2000.0;68.533;14.467;(68.533, 14.467);2023-06-24
10000.0;68.367;13.817;(68.367, 13.817);2023-06-24
6000.0;68.367;13.8;(68.367, 13.8);2023-06-24
3000.0;68.3;13.517;(68.3, 13.517);2023-06-24
20000.0;67.4;12.483;(67.4, 12.483);2023-06-24
20000.0;67.567;13.083;(67.567, 13.083);2023-06-25
15000.0;67.567;13.1;(67.567, 13.1);2023-06-25
20000.0;67.317;11.967;(67.317, 11.967);2023-06-25
15000.0;67.4;12.483;(67.4, 12.483);2023-06-25
9000.0;67.6;13.133;(67.6, 13.133);2023-06-25
1000.0;67.7;13.15;(67.7, 13.15);2023-06-25
7000.0;68.183;15.05;(68.183, 15.05);2023-06-25
4000.0;67.567;13.067;(67.567, 13.067);2023-06-25
9000.0;67.583;13.067;(67.583, 13.067);2023-06-25
5000.0;67.75;13.15;(67.75, 13.15);2023-06-25
3000.0;67.767;13.183;(67.767, 13.183);2023-06-25
8000.0;67.65;13.033;(67.65, 13.033);2023-06-25
60000.0;67.9;14.15;(67.9, 14.15);2023-06-26
2000.0;68.033;14.017;(68.033, 14.017);2023-06-26
5000.0;67.65;12.717;(67.65, 12.717);2023-06-26
7000.0;67.65;12.717;(67.65, 12.717);2023-06-26
5000.0;67.6;13.25;(67.6, 13.25);2023-06-26
9000.0;67.817;14.3;(67.817, 14.3);2023-06-27
8000.0;67.85;14.2;(67.85, 14.2);2023-06-27
5000.0;67.883;14.367;(67.883, 14.367);2023-06-27
6000.0;67.883;14.267;(67.883, 14.267);2023-06-27
4000.0;67.9;14.3;(67.9, 14.3);2023-06-27
12000.0;67.883;14.317;(67.883, 14.317);2023-06-27
47000.0;67.95;14.3;(67.95, 14.3);2023-06-27
11000.0;67.967;14.233;(67.967, 14.233);2023-06-27
7000.0;67.933;14.15;(67.933, 14.15);2023-06-27
17000.0;67.933;14.15;(67.933, 14.15);2023-06-27
7000.0;67.933;14.1;(67.933, 14.1);2023-06-27
3500.0;67.983;14.467;(67.983, 14.467);2023-06-28
2000.0;67.883;14.083;(67.883, 14.083);2023-06-28
1000.0;67.85;13.967;(67.85, 13.967);2023-06-28
6500.0;67.883;14.25;(67.883, 14.25);2023-06-29
4000.0;67.973;14.039;(67.973, 14.039);2023-06-29
1000.0;67.917;14.133;(67.917, 14.133);2023-06-29
2500.0;67.917;14.2;(67.917, 14.2);2023-06-29
10000.0;68.033;13.833;(68.033, 13.833);2023-06-29
6000.0;68.033;13.833;(68.033, 13.833);2023-06-29
8000.0;68.483;14.667;(68.483, 14.667);2023-06-30
20000.0;68.5;14.617;(68.5, 14.617);2023-06-30
8000.0;68.483;14.667;(68.483, 14.667);2023-06-30
9000.0;67.65;12.783;(67.65, 12.783);2023-06-30
63000.0;67.65;12.783;(67.65, 12.783);2023-06-30
3700.0;67.921;13.251;(67.921, 13.251);2023-07-01
12000.0;67.934;13.442;(67.934, 13.442);2023-07-01
5500.0;67.971;13.245;(67.971, 13.245);2023-07-01
12000.0;68.033;13.45;(68.033, 13.45);2023-07-01
5000.0;68.017;13.567;(68.017, 13.567);2023-07-01
11000.0;67.667;12.783;(67.667, 12.783);2023-07-02
9000.0;68.517;14.633;(68.517, 14.633);2023-07-03
7000.0;68.7;14.367;(68.7, 14.367);2023-07-03
20000.0;68.517;14.6;(68.517, 14.6);2023-07-03
10000.0;68.483;14.717;(68.483, 14.717);2023-07-03
3000.0;67.667;12.783;(67.667, 12.783);2023-07-03
8000.0;68.533;14.5;(68.533, 14.5);2023-07-03
5000.0;68.517;14.617;(68.517, 14.617);2023-07-03
1000.0;68.5;14.617;(68.5, 14.617);2023-07-03
1000.0;68.5;14.667;(68.5, 14.667);2023-07-03
4000.0;68.467;14.667;(68.467, 14.667);2023-07-03
15000.0;68.533;14.5;(68.533, 14.5);2023-07-03
5000.0;68.517;14.45;(68.517, 14.45);2023-07-04
5000.0;68.5;14.5;(68.5, 14.5);2023-07-04
4000.0;67.867;13.247;(67.867, 13.247);2023-07-06
3000.0;67.867;13.247;(67.867, 13.247);2023-07-06
29000.0;68.009;13.315;(68.009, 13.315);2023-07-07
3000.0;67.886;13.146;(67.886, 13.146);2023-07-07
2.0;66.317;9.583;(66.317, 9.583);2023-07-11
2055.0;66.317;9.583;(66.317, 9.583);2023-07-11
162.0;68.767;12.917;(68.767, 12.917);2023-07-12
31.0;68.767;12.917;(68.767, 12.917);2023-07-12
7.0;68.767;12.917;(68.767, 12.917);2023-07-12
2300.0;67.317;8.467;(67.317, 8.467);2023-07-12
3.0;67.317;8.467;(67.317, 8.467);2023-07-12
23.0;67.217;11.233;(67.217, 11.233);2023-07-12
5.0;67.217;11.233;(67.217, 11.233);2023-07-12
30.0;68.75;9.883;(68.75, 9.883);2023-07-13
22.0;68.75;9.883;(68.75, 9.883);2023-07-13
3358.0;68.75;9.883;(68.75, 9.883);2023-07-13
160000.0;67.283;14.367;(67.283, 14.367);2023-08-23
5000.0;68.233;14.567;(68.233, 14.567);2023-08-31
3000.0;67.533;13.033;(67.533, 13.033);2024-06-12
4800.0;67.532;13.059;(67.532, 13.059);2024-06-12
4000.0;67.518;12.929;(67.518, 12.929);2024-06-12
4800.0;67.51;12.908;(67.51, 12.908);2024-06-12
3000.0;67.548;12.867;(67.548, 12.867);2024-06-12
5200.0;67.556;12.711;(67.556, 12.711);2024-06-12
5000.0;67.483;12.967;(67.483, 12.967);2024-06-12
2000.0;67.4;12.883;(67.4, 12.883);2024-06-12
8000.0;67.35;12.933;(67.35, 12.933);2024-06-12
5000.0;67.35;12.9;(67.35, 12.9);2024-06-12
4000.0;67.35;12.85;(67.35, 12.85);2024-06-12
4000.0;67.383;12.9;(67.383, 12.9);2024-06-12
3700.0;67.401;12.504;(67.401, 12.504);2024-06-12
5000.0;67.45;12.75;(67.45, 12.75);2024-06-12
12000.0;67.35;12.967;(67.35, 12.967);2024-06-12
5000.0;67.333;12.617;(67.333, 12.617);2024-06-12
10000.0;67.35;13.3;(67.35, 13.3);2024-06-12
4000.0;67.317;12.467;(67.317, 12.467);2024-06-12
25000.0;67.85;13.817;(67.85, 13.817);2024-06-12
8000.0;67.36;12.581;(67.36, 12.581);2024-06-12
2500.0;67.458;12.646;(67.458, 12.646);2024-06-12
9500.0;67.346;12.585;(67.346, 12.585);2024-06-12
8000.0;67.342;12.531;(67.342, 12.531);2024-06-12
5000.0;67.317;12.383;(67.317, 12.383);2024-06-12
2000.0;67.36;12.933;(67.36, 12.933);2024-06-12
2000.0;67.487;12.918;(67.487, 12.918);2024-06-12
5000.0;67.335;12.953;(67.335, 12.953);2024-06-12
4000.0;67.85;13.467;(67.85, 13.467);2024-06-12
8500.0;67.483;13.167;(67.483, 13.167);2024-06-12
12000.0;67.35;12.933;(67.35, 12.933);2024-06-12
11000.0;67.333;12.6;(67.333, 12.6);2024-06-12
2000.0;67.351;13.001;(67.351, 13.001);2024-06-12
650.0;67.55;12.717;(67.55, 12.717);2024-06-13
12000.0;67.817;13.45;(67.817, 13.45);2024-06-13
10000.0;67.467;12.667;(67.467, 12.667);2024-06-13
500.0;67.39;12.733;(67.39, 12.733);2024-06-13
5000.0;67.8;13.433;(67.8, 13.433);2024-06-13
35000.0;67.4;12.65;(67.4, 12.65);2024-06-13
20000.0;67.4;12.617;(67.4, 12.617);2024-06-13
5000.0;67.417;12.667;(67.417, 12.667);2024-06-13
7000.0;67.433;12.867;(67.433, 12.867);2024-06-13
3000.0;67.45;12.9;(67.45, 12.9);2024-06-13
500.0;67.4;12.817;(67.4, 12.817);2024-06-13
4500.0;67.815;14.409;(67.815, 14.409);2024-06-14
18000.0;67.817;14.5;(67.817, 14.5);2024-06-14
5000.0;67.9;14.583;(67.9, 14.583);2024-06-14
5000.0;67.9;14.583;(67.9, 14.583);2024-06-14
8000.0;67.817;14.483;(67.817, 14.483);2024-06-14
3500.0;67.733;13.767;(67.733, 13.767);2024-06-14
2000.0;67.833;14.533;(67.833, 14.533);2024-06-14
15000.0;67.809;14.45;(67.809, 14.45);2024-06-14
4300.0;67.855;14.543;(67.855, 14.543);2024-06-14
10000.0;68.05;14.633;(68.05, 14.633);2024-06-14
2000.0;67.833;14.05;(67.833, 14.05);2024-06-14
5000.0;67.817;13.95;(67.817, 13.95);2024-06-14
6000.0;67.517;12.883;(67.517, 12.883);2024-06-14
6000.0;67.733;13.717;(67.733, 13.717);2024-06-14
6000.0;68.017;14.433;(68.017, 14.433);2024-06-15
10000.0;68.0;14.467;(68.0, 14.467);2024-06-15
1500.0;67.65;13.6;(67.65, 13.6);2024-06-15
1000.0;68.183;15.15;(68.183, 15.15);2024-06-15
7000.0;68.067;14.75;(68.067, 14.75);2024-06-15
10000.0;68.183;15.15;(68.183, 15.15);2024-06-15
2000.0;68.067;14.517;(68.067, 14.517);2024-06-15
6000.0;67.924;13.959;(67.924, 13.959);2024-06-15
3000.0;68.05;14.783;(68.05, 14.783);2024-06-15
7000.0;67.917;13.953;(67.917, 13.953);2024-06-15
3600.0;67.962;14.029;(67.962, 14.029);2024-06-15
4600.0;67.924;13.957;(67.924, 13.957);2024-06-15
18000.0;68.15;15.067;(68.15, 15.067);2024-06-15
5800.0;68.017;14.5;(68.017, 14.5);2024-06-15
4000.0;68.017;14.483;(68.017, 14.483);2024-06-15
6000.0;67.817;14.4;(67.817, 14.4);2024-06-15
3000.0;67.994;14.568;(67.994, 14.568);2024-06-15
14850.0;67.7;14.017;(67.7, 14.017);2024-06-15
12000.0;67.917;14.6;(67.917, 14.6);2024-06-15
15000.0;67.859;14.466;(67.859, 14.466);2024-06-15
500.0;67.925;13.971;(67.925, 13.971);2024-06-15
1000.0;67.95;14.283;(67.95, 14.283);2024-06-16
9000.0;67.983;13.883;(67.983, 13.883);2024-06-16
1000.0;68.033;13.85;(68.033, 13.85);2024-06-16
5000.0;68.05;14.883;(68.05, 14.883);2024-06-16
35000.0;67.983;14.267;(67.983, 14.267);2024-06-16
4000.0;68.017;13.967;(68.017, 13.967);2024-06-16
2600.0;68.029;14.162;(68.029, 14.162);2024-06-16
18000.0;67.917;14.333;(67.917, 14.333);2024-06-16
6000.0;68.033;14.783;(68.033, 14.783);2024-06-16
2500.0;67.933;14.65;(67.933, 14.65);2024-06-16
2000.0;67.834;14.466;(67.834, 14.466);2024-06-16
19000.0;67.95;14.3;(67.95, 14.3);2024-06-16
3000.0;68.017;13.967;(68.017, 13.967);2024-06-16
1300.0;67.817;13.183;(67.817, 13.183);2024-06-17
4000.0;67.95;13.217;(67.95, 13.217);2024-06-17
8000.0;67.517;12.767;(67.517, 12.767);2024-06-17
10000.0;67.817;13.05;(67.817, 13.05);2024-06-17
15000.0;67.85;13.4;(67.85, 13.4);2024-06-17
9000.0;67.9;13.2;(67.9, 13.2);2024-06-17
9000.0;67.833;13.317;(67.833, 13.317);2024-06-17
2000.0;67.644;12.955;(67.644, 12.955);2024-06-17
1000.0;67.933;13.433;(67.933, 13.433);2024-06-17
4.0;67.933;13.433;(67.933, 13.433);2024-06-17
3900.0;67.978;13.449;(67.978, 13.449);2024-06-17
500.0;67.55;12.717;(67.55, 12.717);2024-06-17
5000.0;67.5;12.7;(67.5, 12.7);2024-06-17
1300.0;67.95;13.442;(67.95, 13.442);2024-06-17
10000.0;67.583;12.833;(67.583, 12.833);2024-06-17
1900.0;67.85;13.15;(67.85, 13.15);2024-06-17
3000.0;66.9;13.317;(66.9, 13.317);2024-06-17
7000.0;67.567;12.783;(67.567, 12.783);2024-06-17
700.0;68.017;13.867;(68.017, 13.867);2024-06-17
4000.0;67.983;14.117;(67.983, 14.117);2024-06-17
7000.0;67.463;12.684;(67.463, 12.684);2024-06-17
15000.0;67.432;12.654;(67.432, 12.654);2024-06-17
9000.0;67.867;13.4;(67.867, 13.4);2024-06-17
4000.0;67.8;13.333;(67.8, 13.333);2024-06-17
100.0;67.983;14.75;(67.983, 14.75);2024-06-17
2800.0;67.983;14.75;(67.983, 14.75);2024-06-17
6000.0;67.917;13.483;(67.917, 13.483);2024-06-17
5500.0;67.9;13.433;(67.9, 13.433);2024-06-17
6000.0;67.9;13.383;(67.9, 13.383);2024-06-17
2500.0;67.933;13.633;(67.933, 13.633);2024-06-17
8500.0;67.95;13.9;(67.95, 13.9);2024-06-17
5300.0;67.933;13.4;(67.933, 13.4);2024-06-17
6000.0;67.917;13.35;(67.917, 13.35);2024-06-17
2000.0;68.389;13.828;(68.389, 13.828);2024-06-17
2000.0;68.405;13.753;(68.405, 13.753);2024-06-17
25000.0;67.433;12.583;(67.433, 12.583);2024-06-17
5000.0;67.4;12.75;(67.4, 12.75);2024-06-17
5000.0;67.883;13.383;(67.883, 13.383);2024-06-17
3000.0;67.567;12.833;(67.567, 12.833);2024-06-18
12000.0;67.583;12.807;(67.583, 12.807);2024-06-18
14000.0;67.588;12.792;(67.588, 12.792);2024-06-18
10000.0;67.617;13.05;(67.617, 13.05);2024-06-18
25000.0;67.6;12.8;(67.6, 12.8);2024-06-18
2000.0;67.517;12.917;(67.517, 12.917);2024-06-18
4000.0;67.533;12.733;(67.533, 12.733);2024-06-18
4800.0;67.554;12.752;(67.554, 12.752);2024-06-18
1000.0;67.594;12.822;(67.594, 12.822);2024-06-18
6000.0;67.517;12.817;(67.517, 12.817);2024-06-18
2000.0;67.817;13.5;(67.817, 13.5);2024-06-18
3600.0;67.817;13.517;(67.817, 13.517);2024-06-18
6000.0;67.567;12.817;(67.567, 12.817);2024-06-18
7000.0;67.533;12.883;(67.533, 12.883);2024-06-18
3000.0;67.633;12.883;(67.633, 12.883);2024-06-18
500.0;67.533;12.717;(67.533, 12.717);2024-06-18
5000.0;67.233;12.167;(67.233, 12.167);2024-06-18
1400.0;67.533;13.033;(67.533, 13.033);2024-06-18
4000.0;67.567;12.733;(67.567, 12.733);2024-06-18
8000.0;66.95;13.167;(66.95, 13.167);2024-06-18
3000.0;67.55;12.9;(67.55, 12.9);2024-06-18
1500.0;67.983;13.583;(67.983, 13.583);2024-06-18
2500.0;67.567;12.733;(67.567, 12.733);2024-06-18
5000.0;68.017;13.483;(68.017, 13.483);2024-06-18
7100.0;67.533;12.9;(67.533, 12.9);2024-06-18
500.0;67.067;13.617;(67.067, 13.617);2024-06-18
2500.0;67.583;12.817;(67.583, 12.817);2024-06-18
2500.0;67.35;12.183;(67.35, 12.183);2024-06-18
19000.0;68.017;13.467;(68.017, 13.467);2024-06-18
1500.0;67.7;13.25;(67.7, 13.25);2024-06-18
5000.0;67.55;13.033;(67.55, 13.033);2024-06-18
4000.0;67.55;12.917;(67.55, 12.917);2024-06-18
100.0;67.583;12.983;(67.583, 12.983);2024-06-18
2000.0;67.533;12.9;(67.533, 12.9);2024-06-18
6000.0;67.583;12.917;(67.583, 12.917);2024-06-18
1500.0;67.567;12.917;(67.567, 12.917);2024-06-18
10000.0;67.567;12.833;(67.567, 12.833);2024-06-18
5000.0;67.517;12.7;(67.517, 12.7);2024-06-18
2800.0;67.767;13.35;(67.767, 13.35);2024-06-21
16200.0;67.781;13.344;(67.781, 13.344);2024-06-21
16000.0;68.317;13.567;(68.317, 13.567);2024-06-22
5700.0;68.45;14.083;(68.45, 14.083);2024-06-22
3000.0;68.352;13.726;(68.352, 13.726);2024-06-22
2610.0;68.217;13.25;(68.217, 13.25);2024-06-22
16095.0;68.217;13.283;(68.217, 13.283);2024-06-22
15225.0;67.833;13.233;(67.833, 13.233);2024-06-22
14500.0;68.22;13.281;(68.22, 13.281);2024-06-22
6000.0;68.3;13.533;(68.3, 13.533);2024-06-22
8000.0;67.767;13.4;(67.767, 13.4);2024-06-22
10000.0;68.867;14.8;(68.867, 14.8);2024-06-22
800.0;68.433;14.033;(68.433, 14.033);2024-06-22
1200.0;68.45;14.4;(68.45, 14.4);2024-06-22
4000.0;68.4;14.317;(68.4, 14.317);2024-06-22
3000.0;67.183;14.083;(67.183, 14.083);2024-06-22
2600.0;68.467;14.117;(68.467, 14.117);2024-06-22
7500.0;68.233;13.467;(68.233, 13.467);2024-06-22
500.0;68.333;13.667;(68.333, 13.667);2024-06-23
2000.0;68.4;13.983;(68.4, 13.983);2024-06-23
28000.0;68.467;14.25;(68.467, 14.25);2024-06-23
600.0;68.467;14.25;(68.467, 14.25);2024-06-23
1000.0;68.3;13.533;(68.3, 13.533);2024-06-23
1200.0;68.483;14.167;(68.483, 14.167);2024-06-23
4000.0;68.45;13.933;(68.45, 13.933);2024-06-23
500.0;68.483;14.082;(68.483, 14.082);2024-06-23
5000.0;68.477;14.082;(68.477, 14.082);2024-06-23
2000.0;68.715;14.237;(68.715, 14.237);2024-06-23
2300.0;68.3;13.533;(68.3, 13.533);2024-06-23
2300.0;68.333;13.717;(68.333, 13.717);2024-06-23
10000.0;68.617;14.383;(68.617, 14.383);2024-06-26
30000.0;68.217;13.333;(68.217, 13.333);2024-06-26
8000.0;68.983;15.317;(68.983, 15.317);2024-06-26
8500.0;68.601;14.34;(68.601, 14.34);2024-06-27
50.0;68.567;14.633;(68.567, 14.633);2024-06-27
10000.0;68.467;14.317;(68.467, 14.317);2024-06-27
31750.0;68.567;14.633;(68.567, 14.633);2024-06-27
27000.0;68.467;14.3;(68.467, 14.3);2024-06-27
100.0;68.6;14.733;(68.6, 14.733);2024-06-27
18000.0;68.467;14.233;(68.467, 14.233);2024-06-27
13000.0;68.467;14.233;(68.467, 14.233);2024-06-27
10500.0;68.467;14.267;(68.467, 14.267);2024-06-27
11000.0;68.383;13.9;(68.383, 13.9);2024-06-27
2600.0;68.6;14.733;(68.6, 14.733);2024-06-27
8000.0;68.467;14.317;(68.467, 14.317);2024-06-28
11000.0;68.45;14.15;(68.45, 14.15);2024-06-28
10000.0;68.45;14.35;(68.45, 14.35);2024-06-28
8600.0;68.585;14.298;(68.585, 14.298);2024-06-28
4500.0;68.717;13.55;(68.717, 13.55);2024-06-28
2500.0;68.65;14.733;(68.65, 14.733);2024-06-29
25000.0;68.467;14.3;(68.467, 14.3);2024-06-30
2500.0;68.717;14.4;(68.717, 14.4);2024-07-01
20000.0;68.317;13.583;(68.317, 13.583);2024-07-01
10000.0;68.3;13.533;(68.3, 13.533);2024-07-01
33000.0;68.317;13.533;(68.317, 13.533);2024-07-01
12000.0;68.267;13.5;(68.267, 13.5);2024-07-01
8600.0;68.318;13.581;(68.318, 13.581);2024-07-01
4500.0;68.6;14.367;(68.6, 14.367);2024-07-01
10900.0;68.288;13.521;(68.288, 13.521);2024-07-01
14600.0;68.285;13.486;(68.285, 13.486);2024-07-01
15000.0;66.5;12.1;(66.5, 12.1);2024-07-01
7000.0;68.426;14.123;(68.426, 14.123);2024-07-01
9000.0;68.488;14.258;(68.488, 14.258);2024-07-01
9000.0;68.306;13.527;(68.306, 13.527);2024-07-01
11000.0;68.333;13.633;(68.333, 13.633);2024-07-01
8000.0;68.333;13.633;(68.333, 13.633);2024-07-01
7000.0;68.333;13.617;(68.333, 13.617);2024-07-01
4000.0;68.333;13.667;(68.333, 13.667);2024-07-01
27000.0;68.35;13.633;(68.35, 13.633);2024-07-01
30000.0;68.333;13.65;(68.333, 13.65);2024-07-01
15000.0;68.35;13.683;(68.35, 13.683);2024-07-01
17000.0;68.333;13.633;(68.333, 13.633);2024-07-01
8000.0;68.4;13.967;(68.4, 13.967);2024-07-01
10000.0;68.4;13.95;(68.4, 13.95);2024-07-01
150.0;68.467;14.317;(68.467, 14.317);2024-07-01
25000.0;68.467;14.317;(68.467, 14.317);2024-07-01
5000.0;68.484;14.267;(68.484, 14.267);2024-07-01
5000.0;68.583;14.267;(68.583, 14.267);2024-07-02
35000.0;68.583;14.25;(68.583, 14.25);2024-07-02
13000.0;68.583;14.267;(68.583, 14.267);2024-07-02
8900.0;68.602;14.276;(68.602, 14.276);2024-07-02
7700.0;68.602;14.275;(68.602, 14.275);2024-07-02
13000.0;66.5;12.1;(66.5, 12.1);2024-07-02
3000.0;68.633;14.333;(68.633, 14.333);2024-07-03
4000.0;68.117;12.833;(68.117, 12.833);2024-07-03
4200.0;68.467;14.267;(68.467, 14.267);2024-07-03
4000.0;68.467;14.267;(68.467, 14.267);2024-07-03
3500.0;68.15;12.817;(68.15, 12.817);2024-07-04
800.0;68.1;12.7;(68.1, 12.7);2024-07-04
5000.0;68.15;13.45;(68.15, 13.45);2024-07-04
4000.0;68.15;12.7;(68.15, 12.7);2024-07-04
5000.0;67.883;12.7;(67.883, 12.7);2024-07-04
4000.0;67.883;12.7;(67.883, 12.7);2024-07-04
3000.0;68.24;12.698;(68.24, 12.698);2024-07-04
3000.0;68.383;13.567;(68.383, 13.567);2024-07-05
2000.0;68.35;13.383;(68.35, 13.383);2024-07-05
4000.0;68.367;13.567;(68.367, 13.567);2024-07-05
1000.0;68.383;13.617;(68.383, 13.617);2024-07-05
9000.0;68.25;13.4;(68.25, 13.4);2024-07-05
50.0;68.383;13.617;(68.383, 13.617);2024-07-05
2000.0;68.35;13.5;(68.35, 13.5);2024-07-05
7000.0;68.317;13.417;(68.317, 13.417);2024-07-05
4000.0;68.283;13.333;(68.283, 13.333);2024-07-05
2000.0;69.0;15.883;(69.0, 15.883);2024-07-05
5000.0;68.35;13.517;(68.35, 13.517);2024-07-05
14500.0;68.35;13.483;(68.35, 13.483);2024-07-05
3000.0;68.267;13.35;(68.267, 13.35);2024-07-05
3000.0;67.65;12.717;(67.65, 12.717);2024-07-05
5200.0;68.244;13.42;(68.244, 13.42);2024-07-06
4100.0;68.253;13.419;(68.253, 13.419);2024-07-06
6100.0;68.279;13.482;(68.279, 13.482);2024-07-06
3000.0;68.367;13.833;(68.367, 13.833);2024-07-06
9900.0;68.292;13.518;(68.292, 13.518);2024-07-06
3000.0;68.291;13.523;(68.291, 13.523);2024-07-06
5000.0;68.283;13.484;(68.283, 13.484);2024-07-06
4400.0;68.259;13.418;(68.259, 13.418);2024-07-06
7500.0;68.25;13.417;(68.25, 13.417);2024-07-06
8000.0;68.267;13.417;(68.267, 13.417);2024-07-06
6.0;68.267;13.417;(68.267, 13.417);2024-07-06
10000.0;68.25;13.417;(68.25, 13.417);2024-07-06
18000.0;68.233;13.4;(68.233, 13.4);2024-07-06
3000.0;68.2;13.133;(68.2, 13.133);2024-07-06
3000.0;68.267;13.417;(68.267, 13.417);2024-07-06
23000.0;67.767;12.783;(67.767, 12.783);2024-07-06
11000.0;68.233;13.417;(68.233, 13.417);2024-07-06
4500.0;68.267;13.467;(68.267, 13.467);2024-07-06
20000.0;68.267;13.45;(68.267, 13.45);2024-07-06
3000.0;68.267;13.483;(68.267, 13.483);2024-07-06
13000.0;68.267;13.467;(68.267, 13.467);2024-07-06
8000.0;68.367;13.8;(68.367, 13.8);2024-07-06
800.0;68.383;13.767;(68.383, 13.767);2024-07-06
6000.0;68.267;13.433;(68.267, 13.433);2024-07-06
4000.0;68.25;13.4;(68.25, 13.4);2024-07-06
7000.0;68.267;13.433;(68.267, 13.433);2024-07-07
13000.0;68.25;13.417;(68.25, 13.417);2024-07-07
5000.0;68.267;13.45;(68.267, 13.45);2024-07-07
20000.0;68.25;13.367;(68.25, 13.367);2024-07-07
3000.0;68.267;13.45;(68.267, 13.45);2024-07-07
2500.0;68.283;13.5;(68.283, 13.5);2024-07-07
3000.0;68.567;14.233;(68.567, 14.233);2024-07-07
1000.0;68.333;13.7;(68.333, 13.7);2024-07-07
10000.0;68.233;13.367;(68.233, 13.367);2024-07-07
8000.0;68.267;13.45;(68.267, 13.45);2024-07-07
2500.0;68.233;13.417;(68.233, 13.417);2024-07-07
10000.0;68.033;13.5;(68.033, 13.5);2024-07-07
5500.0;68.333;13.6;(68.333, 13.6);2024-07-07
6000.0;68.45;14.417;(68.45, 14.417);2024-07-07
12500.0;68.169;13.435;(68.169, 13.435);2024-07-07
7400.0;68.25;13.398;(68.25, 13.398);2024-07-07
7800.0;68.249;13.423;(68.249, 13.423);2024-07-07
32000.0;68.233;13.383;(68.233, 13.383);2024-07-07
5000.0;68.333;13.65;(68.333, 13.65);2024-07-08
2500.0;68.233;13.367;(68.233, 13.367);2024-07-08
2000.0;68.233;13.333;(68.233, 13.333);2024-07-08
4000.0;66.828;13.566;(66.828, 13.566);2024-07-08
1000.0;68.233;13.383;(68.233, 13.383);2024-07-08
1500.0;68.267;13.483;(68.267, 13.483);2024-07-09
7000.0;67.667;13.517;(67.667, 13.517);2024-07-09
35000.0;67.75;13.75;(67.75, 13.75);2024-07-10
260.0;66.917;9.667;(66.917, 9.667);2024-07-10
100.0;67.767;13.783;(67.767, 13.783);2024-07-10
100.0;66.783;12.167;(66.783, 12.167);2024-07-10
28000.0;67.767;13.783;(67.767, 13.783);2024-07-10
64000.0;67.733;13.817;(67.733, 13.817);2024-07-10
22000.0;67.733;13.733;(67.733, 13.733);2024-07-10
10000.0;67.75;13.7;(67.75, 13.7);2024-07-10
40000.0;67.766;13.744;(67.766, 13.744);2024-07-10
26000.0;67.75;13.733;(67.75, 13.733);2024-07-10
13000.0;67.75;13.783;(67.75, 13.783);2024-07-10
53000.0;67.767;13.783;(67.767, 13.783);2024-07-10
6000.0;67.767;13.683;(67.767, 13.683);2024-07-10
4400.0;68.467;14.283;(68.467, 14.283);2024-07-10
20000.0;67.765;13.762;(67.765, 13.762);2024-07-10
1000.0;68.483;14.633;(68.483, 14.633);2024-07-10
6000.0;67.717;13.633;(67.717, 13.633);2024-07-10
21000.0;67.783;13.267;(67.783, 13.267);2024-07-11
10000.0;67.6;13.733;(67.6, 13.733);2024-07-11
17000.0;67.567;13.7;(67.567, 13.7);2024-07-11
7000.0;68.3;13.533;(68.3, 13.533);2024-07-11
12000.0;67.8;13.833;(67.8, 13.833);2024-07-11
8500.0;67.783;13.833;(67.783, 13.833);2024-07-11
10000.0;67.584;13.669;(67.584, 13.669);2024-07-11
160.0;67.817;8.617;(67.817, 8.617);2024-07-11
470.0;67.717;11.233;(67.717, 11.233);2024-07-11
3000.0;67.683;13.867;(67.683, 13.867);2024-07-11
11000.0;67.717;13.8;(67.717, 13.8);2024-07-11
2000.0;67.7;13.9;(67.7, 13.9);2024-07-11
3000.0;67.7;13.917;(67.7, 13.917);2024-07-11
12000.0;67.567;13.667;(67.567, 13.667);2024-07-11
3000.0;67.797;13.225;(67.797, 13.225);2024-07-12
5000.0;68.083;13.6;(68.083, 13.6);2024-07-12
2800.0;68.25;13.383;(68.25, 13.383);2024-07-12
5000.0;68.4;14.367;(68.4, 14.367);2024-07-13
100.0;68.4;14.367;(68.4, 14.367);2024-07-13
8000.0;68.383;14.3;(68.383, 14.3);2024-07-13
10000.0;68.367;13.983;(68.367, 13.983);2024-07-13
3000.0;68.4;14.333;(68.4, 14.333);2024-07-13
12000.0;68.4;14.367;(68.4, 14.367);2024-07-13
30000.0;68.367;14.283;(68.367, 14.283);2024-07-13
20000.0;68.367;14.283;(68.367, 14.283);2024-07-13
5000.0;67.783;13.333;(67.783, 13.333);2024-07-13
35000.0;68.4;14.367;(68.4, 14.367);2024-07-13
7000.0;68.45;14.25;(68.45, 14.25);2024-07-14
8.0;68.367;9.05;(68.367, 9.05);2024-07-14
7000.0;68.417;14.15;(68.417, 14.15);2024-07-14
470.0;68.4;11.7;(68.4, 11.7);2024-07-14
7000.0;68.717;15.117;(68.717, 15.117);2024-07-15
3600.0;68.45;14.133;(68.45, 14.133);2024-07-16
30.0;68.45;14.133;(68.45, 14.133);2024-07-16
2000.0;68.65;14.783;(68.65, 14.783);2024-07-16
11000.0;68.717;15.05;(68.717, 15.05);2024-07-16
4000.0;68.667;14.867;(68.667, 14.867);2024-07-16
4000.0;68.65;14.8;(68.65, 14.8);2024-07-16
3500.0;68.2;16.183;(68.2, 16.183);2024-07-18
5000.0;68.267;15.183;(68.267, 15.183);2024-07-18
6000.0;68.317;15.5;(68.317, 15.5);2024-07-18
4500.0;68.2;16.2;(68.2, 16.2);2024-07-18
500.0;68.2;16.183;(68.2, 16.183);2024-07-18
